id,media_type,url,document_id
1f7efdb3-f653-4006-849d-c8304fe70767,,https://ilga.gov/Legislation/PublicActs/View/104-0439,6498e167-2dcf-4999-82a0-bbb2c912617a
81c3a289-d8a2-4ce4-91ea-6b415b332ce0,,https://ilga.gov/Legislation/PublicActs/View/104-0459,b100e8ee-eada-4874-8e0a-325dc8624300
f3978b72-467f-4e50-8107-39567536e4a2,,https://ilga.gov/Legislation/PublicActs/View/104-0438,04c6b4fe-fe75-4b9f-90c9-540bcc91d8e8
bfb9d4f8-ba8b-46ab-9d0c-eaed3f3436ad,,https://ilga.gov/Legislation/PublicActs/View/104-0437,2761b608-aeeb-4e73-b294-37e7f4eb1a0f
3259363b-bdc0-4c4c-aef5-15ec7ccb7461,,https://ilga.gov/Legislation/PublicActs/View/104-0440,5fbf0456-23f8-48fc-ade9-976a2a71cdf2
837891e1-3ff9-49b7-aa98-be31d7b1381c,,https://ilga.gov/Legislation/PublicActs/View/104-0441,ed15479b-3cf3-4c86-a189-e961c2ffe604
1308acdb-60d4-48b6-aa51-d9b98ff024c9,,https://ilga.gov/Legislation/PublicActs/View/104-0434,796220b8-ce75-4d5b-8568-1cd8d71ffb5a
c2c53ece-e1ad-48e9-bb50-0dbb42006f92,,https://ilga.gov/Legislation/PublicActs/View/104-0452,c24cb307-f5f2-4ed2-8266-4846b6a10a76
00c2b032-535e-489a-b048-95bcc33a6967,,https://ilga.gov/Legislation/PublicActs/View/104-0436,6e732f64-79ab-409b-8ebc-ca00627baf1f
cf5b4234-cdc8-4e80-9a81-433fd96e578b,,https://ilga.gov/Legislation/PublicActs/View/104-0450,4dce0d4f-72a9-4033-9861-f4ae9781ef9b
1c156068-44ba-4d70-8bc0-ac6492988a3c,,https://ilga.gov/Legislation/PublicActs/View/104-0454,7dae43a0-2bcd-4b97-8c3f-3a29d6e0fbf5
44426a75-ae10-4b1b-a7d5-94ee587464b7,,https://ilga.gov/Legislation/PublicActs/View/104-0451,ca01fd62-f76a-4611-a9dc-9d1e10d8ccae
6db84d21-a536-4816-b673-dda7aa886f25,,https://ilga.gov/Legislation/PublicActs/View/104-0453,c59435a5-6243-4120-b9fd-5834bde8a3bf
0e34753b-7efa-498e-8d36-7689e962650a,,https://ilga.gov/Legislation/PublicActs/View/104-0435,a91e50f7-767f-4d80-87b1-5f609c684c59
72303c53-a550-4438-ae20-7504707ad34f,,https://ilga.gov/Legislation/PublicActs/View/104-0455,47a9f5a1-b446-4395-a4e5-e2089bc437c5
b1c26aba-5426-4b7f-91a6-8485253c256e,,https://ilga.gov/Legislation/PublicActs/View/104-0449,da71b41e-1b7b-41b9-9bb1-436d47e9b669
52353c64-4b24-4de8-84fc-a29ee0edc5aa,,https://ilga.gov/Legislation/PublicActs/View/104-0456,687212a8-c3be-4439-9cd7-f11d72b3073f
400806df-f049-4cfd-bad0-ba41888d140a,,https://ilga.gov/Legislation/PublicActs/View/104-0448,0ac773e0-4164-4988-8e6f-ab7761945d47
4e167bdd-d028-4cc6-b701-4c5fad96ec3c,,https://ilga.gov/Legislation/PublicActs/View/104-0457,2ca58d47-0f51-4cbc-826e-2382412fe65b
88a17ca6-4fd7-4ddb-a3e7-68e0220b8d0c,,https://ilga.gov/Legislation/BillStatus/FullText?LegDocId=200225&DocName=10400HB2568gms&DocNum=2568&DocTypeID=HB&LegID=160438&GAID=18&SessionID=114&SpecSess=&Session=,7e51d14d-866b-4e1e-8b41-4e92d64ccd62
350d910d-03ff-451a-adba-fa8092928bc2,,https://ilga.gov/Legislation/PublicActs/View/104-0446,c08642a7-4449-4098-9d06-49c7b9bc890d
a7999119-cc73-4640-a8e5-a575230951d1,,https://ilga.gov/Legislation/PublicActs/View/104-0444,87051476-ba7f-4e6f-8b72-53d6b04766c4
a0d31f83-49ab-489f-95e6-19137c0e11b9,,https://ilga.gov/Legislation/PublicActs/View/104-0447,396a0fe6-b2c0-47a8-bf65-fbdbb3ff926d
8c318be6-fe93-44f7-9bc0-6df420205931,,https://ilga.gov/Legislation/PublicActs/View/104-0443,91ae6e9f-58e6-4f81-9f5b-28b5388ebcce
ad94c1e5-6507-4a47-b345-7a2ce52575ae,,https://ilga.gov/Legislation/PublicActs/View/104-0442,37873ca4-2976-4004-aa6a-394edd1509ca
1560fdac-5b51-43e2-93b9-942f19339192,,https://ilga.gov/Legislation/PublicActs/View/104-0445,e060b593-892c-46fb-84a4-7ac06fe9eb22
29f6431a-13d5-495a-8a3c-26db41e0b55a,,https://ilga.gov/Legislation/PublicActs/View/104-0391,515f7e91-b2ab-4923-849d-a0188ae90fb6
688e530e-21fe-4b17-9a69-08a45ae258c7,,https://ilga.gov/Legislation/PublicActs/View/104-0458,e0dff9df-f40a-423f-9130-de5ca31eb1df
27ce829f-e51b-498e-bc7e-6cf2588d2e63,,https://ilga.gov/Legislation/PublicActs/View/104-0129,ec5c7f50-410a-4a9b-9c36-e24c27973937
47276e06-abe3-4d5d-8ce2-ddb0513086b1,,https://ilga.gov/Legislation/PublicActs/View/104-0213,ad14fe1a-8762-4299-9ca4-f5c794c1092e
84f859c8-9964-432c-b3a4-7c05b1cd647c,,https://ilga.gov/Legislation/PublicActs/View/104-0138,848a68bc-9852-4ce1-ad25-5fd505a3b740
441c89c4-6358-437e-a119-1f66c7562c3b,,https://ilga.gov/Legislation/PublicActs/View/104-0195,30555308-987a-45a9-937e-9b56cb4e8c85
1a671d51-c188-473e-ab8f-70998b0b4777,,https://ilga.gov/Legislation/PublicActs/View/104-0125,3e45bcb4-e172-417c-b72a-a4388e92c8b8
e657451f-0649-490a-bd88-664b0862eda3,,https://ilga.gov/Legislation/PublicActs/View/104-0423,c00e6773-7b1d-4b1a-9df7-3c3d8ea9d292
998c1ccc-a56f-4170-8869-1da1b4925b43,,https://ilga.gov/Legislation/PublicActs/View/104-0229,d85504b5-ae25-4315-ab34-69470cb242f2
a2b71617-cd0c-4a90-a026-6f495623ed56,,https://ilga.gov/Legislation/PublicActs/View/104-0202,43f0e030-64aa-4455-9d23-58549f9ceeaf
ac198e84-c988-4c60-ac67-de7a176d2982,,https://ilga.gov/Legislation/PublicActs/View/104-0192,848c9fdf-41a2-4222-9673-a19e6f54efae
f584cbe9-a723-4c21-b6a4-040fdfc8b080,,https://ilga.gov/Legislation/PublicActs/View/104-0410,7bbf2670-5a83-46a4-a3e4-857cc111f766
9b69915c-e0ad-47be-beeb-3626f44922ff,,https://ilga.gov/Legislation/PublicActs/View/104-0363,c629434f-4454-4ebb-8433-4058eaa4c0e4
5f91f6ad-6789-4783-9bf2-926f2ceaf7de,,https://ilga.gov/Legislation/PublicActs/View/104-0042,8e8591ca-01ab-4700-9bba-f7cef53edc43
4c221f0f-5478-4e2d-8108-ae777a680880,,https://ilga.gov/Legislation/PublicActs/View/104-0064,de0faf84-cd4f-48ed-9de8-f046f01a747e
72806204-1a30-44de-a2d6-e4fab316c907,,https://ilga.gov/Legislation/PublicActs/View/104-0152,b74edb08-1ead-4c0c-a498-944437f04e76
1a5771de-666f-4e69-b2cd-337e7403e00a,,https://ilga.gov/Legislation/PublicActs/View/104-0427,f937cca6-7815-4283-91aa-e0f98e5882d7
706d8a14-6008-4ebc-9625-f0ef0cf7617c,,https://ilga.gov/Legislation/PublicActs/View/104-0376,3bbf1df0-c399-4144-b70d-5cfc3fa4f496
ca2df4a9-af5c-481a-8a9d-0a196bfe5afe,,https://ilga.gov/Legislation/PublicActs/View/104-0053,e22c29fd-4bf1-4de1-b43f-63e5bfd7e2a7
5ae96969-af75-47dc-ad4f-ce12f28f5844,,https://ilga.gov/Legislation/PublicActs/View/104-0134,88cd3629-1d4b-4f0e-bc0c-82e1d41b95c5
876152c4-1ad1-46df-9a69-a9d62b273f9c,,https://ilga.gov/Legislation/PublicActs/View/104-0123,3bc4b7f8-4e7b-4d52-9e69-d3fdffb0e5be
5f506862-553b-4f6a-abe9-f9187b6fd11d,,https://ilga.gov/Legislation/PublicActs/View/104-0312,257f540e-0f15-4925-95a6-e9e652de07fa
ccee292a-b475-405c-8f66-fd69281af2bd,,https://ilga.gov/Legislation/PublicActs/View/104-0407,1bbe5fe1-1636-45d5-a68c-f084c56f9ec5
6237b3a2-e603-4ba8-a63d-6c0950e7c9b9,,https://ilga.gov/Legislation/PublicActs/View/104-0303,e87058be-a7d5-4ddb-a180-71d76b7b8b42
b0caf3a2-6a94-4063-8751-c3ba6643cc0d,,https://ilga.gov/Legislation/PublicActs/View/104-0008,0a4f5978-6086-448a-985b-7f681bddbf65
d76f7b73-5089-4d8d-b693-d3126488e7a5,,https://ilga.gov/Legislation/PublicActs/View/104-0065,4163dc8d-d10d-4f0c-a804-1bf92b6d51fe
4db3e223-8590-4fad-be68-c1cefd6878cd,,https://ilga.gov/Legislation/PublicActs/View/104-0190,6c32f5b7-6091-4acd-a2eb-2a1cc40af2f0
f193d1bf-7a68-4c27-b0ff-bb9a8cb12926,,https://ilga.gov/Legislation/PublicActs/View/104-0353,fd606881-7c23-4d20-89fc-040e6e593d6d
c4641e80-4727-4eba-8caf-5935a9865ea6,,https://ilga.gov/Legislation/PublicActs/View/104-0400,2689d616-6863-4b7c-9667-33ab5831436d
7d89a98a-37fa-4947-a43d-698a8be79c33,,https://ilga.gov/Legislation/PublicActs/View/104-0124,b8f141f8-6dba-494c-bfbb-dd5df9d7c5ae
c26fbffb-e6c1-4494-b9e1-1a5762306346,,https://ilga.gov/Legislation/PublicActs/View/104-0370,117c7cf2-b6e9-4b36-95fa-b1bdd60b68d0
b6dc354f-7090-44dd-9a7e-6304abe97b5f,,https://ilga.gov/Legislation/PublicActs/View/104-0054,5595c37e-d9df-4e7f-937c-c0801bcdcc16
89bcb295-fa97-4afb-9aae-1cb2814ada91,,https://ilga.gov/Legislation/PublicActs/View/104-0178,4a4d7b8e-3d73-4e6a-9f03-7f1e53fedaba
2740f80a-36ed-473d-a3aa-0d9cf08e0686,,https://ilga.gov/Legislation/PublicActs/View/104-0215,986107e3-0bcd-4976-b785-8203340285ad
12670b71-4278-4da8-8f56-d0bdb5a3c463,,https://ilga.gov/Legislation/PublicActs/View/104-0372,ded90d01-e1ae-46af-a65c-8f3a3c3913bc
43c9a239-1be4-43a3-b125-3a427cdde104,,https://ilga.gov/Legislation/PublicActs/View/104-0343,4c0ba354-ab0d-428e-b2d6-9f478077acb0
4a8f7428-2a47-438c-b5dd-a29ad59016c9,,https://ilga.gov/Legislation/PublicActs/View/104-0131,848d3146-3de1-4e3b-8f85-284fccae0ebe
5be64535-3b2a-40c1-ba53-d8b719f139db,,https://ilga.gov/Legislation/PublicActs/View/104-0285,819d9672-cba6-4cea-97c7-7fe5e6b82187
a6c65767-1dff-4ac6-bd83-656331703ca0,,https://ilga.gov/Legislation/PublicActs/View/104-0072,093a2b8b-1407-44be-9730-7a885098b4b5
7d3c5582-db4b-4e66-a2d6-73b2b7b784da,,https://ilga.gov/Legislation/PublicActs/View/104-0238,4441df1f-0799-4f7d-b227-098fa6e78fb7
347bc378-2fdc-4bcd-8615-8e2569d57833,,https://ilga.gov/Legislation/PublicActs/View/104-0356,5adf48ac-192c-4af8-8d5d-dff7b00174cd
096599f1-f7e2-4dca-8477-8f2c139d16e1,,https://ilga.gov/Legislation/PublicActs/View/104-0397,4c975778-cca7-41a0-ad43-682d51e12ab0
9a55e0cd-b2f3-44fb-aefb-ea857cc30ea7,,https://ilga.gov/Legislation/PublicActs/View/104-0002,c46211c4-f938-49b8-b2ba-84cb10dc8b57
ed399d61-ef82-4ed0-82b5-a1acc2758715,,https://ilga.gov/Legislation/PublicActs/View/104-0133,0e052b87-09df-483e-a613-f118c67a4eb8
944e17f0-6b5e-4ad8-814b-9bc9c55664e4,,https://ilga.gov/Legislation/PublicActs/View/104-0375,4ffac43f-3481-4bba-b6e1-a8d4a9c8cf0b
1f00dcfc-6fa9-4d7f-a326-00e76737a54f,,https://ilga.gov/Legislation/PublicActs/View/104-0390,76777892-1684-4e07-8f70-e8f218e2005f
0e214f5f-06e5-488c-b1b8-84c6a40b0f5a,,https://ilga.gov/Legislation/PublicActs/View/104-0126,a0e1eb68-092c-4c56-b805-b56d7ee51886
9b007a59-a55b-4f33-82a0-9ec8b9ccdaa3,,https://ilga.gov/Legislation/PublicActs/View/104-0014,a4d8d63a-91ee-41ad-889d-989002bdf67c
d6de6ea2-8246-4b3e-b865-9af53b9a04bd,,https://ilga.gov/Legislation/PublicActs/View/104-0412,96101a97-7582-48ab-b21a-f2b1387c737a
1eccd9ca-37c4-4cfb-9dce-b7b1ee02cdcd,,https://ilga.gov/Legislation/PublicActs/View/104-0277,f96940ba-ed64-4e8e-99fc-e8cfc2c08fa6
00e60578-e66b-4db2-805c-b7d8da84e70b,,https://ilga.gov/Legislation/PublicActs/View/104-0084,42285377-d4eb-470d-b8e2-3dce4586ce84
98afcc1f-ca2f-49ff-9721-5556e99468c9,,https://ilga.gov/Legislation/PublicActs/View/104-0272,616d24f3-cbd1-4981-bf95-4e6208a52d05
062c2fa4-306f-4f43-a7fa-86015e881c11,,https://ilga.gov/Legislation/PublicActs/View/104-0104,fd0cf844-4b37-4de8-959c-bbe4b1194b93
7f044bcf-5f33-43e8-ac89-c5999fadb889,,https://ilga.gov/Legislation/PublicActs/View/104-0007,48a5ed20-3e72-4ed6-9bc5-1178efa4a918
410ffa79-7dbe-4c34-afde-4307d41ac579,,https://ilga.gov/Legislation/PublicActs/View/104-0016,b494beeb-74dc-4ed8-baea-69501b9386a0
3cb46b4a-5155-4ae9-8d79-0221dcc62d23,,https://ilga.gov/Legislation/PublicActs/View/104-0167,afbbee3f-e05d-4771-9bbc-b303257f4e8f
914a00f9-b0ea-4fde-81c9-88839c7867b4,,https://ilga.gov/Legislation/PublicActs/View/104-0179,e86574b3-68e0-43c3-9f4c-08fa8752ddd4
f1d25939-d0c6-4075-84ef-23d7c320b3e1,,https://ilga.gov/Legislation/PublicActs/View/104-0156,39340822-0509-4eee-a185-fb25e1054793
786b496b-5b6a-49c0-871b-b598cd70c8e6,,https://ilga.gov/Legislation/PublicActs/View/104-0377,5c9d5dc9-91b8-4a3a-9cbb-f8c209fd63aa
fe4afc30-1f05-4440-9260-f979d59cbaaa,,https://ilga.gov/Legislation/PublicActs/View/104-0197,abbbccf7-6405-4ce0-966d-76492ce36c72
11d346ed-a1a0-4ea8-a8ac-6330549d5e86,,https://ilga.gov/Legislation/PublicActs/View/104-0383,39856cd4-f17c-45fe-bfaf-58d12705e624
19a1d8be-e10e-49a0-b1e6-9bfcea9f1b38,,https://ilga.gov/Legislation/PublicActs/View/104-0055,3787d62a-6140-478d-a103-d314458f0634
76c09cec-33f0-4aea-900d-449cef2499df,,https://ilga.gov/Legislation/PublicActs/View/104-0326,9fefb824-a2ed-4584-9b41-8e4b433a0188
f36e37e6-1b12-49a8-ae2f-9a1a6cb6791a,,https://ilga.gov/Legislation/PublicActs/View/104-0327,368d7191-638e-410d-83d4-3860c013cfdd
152ba582-2d75-45b9-9112-631b71aaa7c5,,https://ilga.gov/Legislation/PublicActs/View/104-0077,7cb0fd28-97bc-40a9-89b5-18aceacc8169
d938985f-dae2-43df-a757-05cfbd24cd22,,https://ilga.gov/Legislation/PublicActs/View/104-0394,9aed3191-529f-4073-ab4c-53ea2cce13b1
8820dfbc-0ed5-4a54-b123-2f57285d65b4,,https://ilga.gov/Legislation/PublicActs/View/104-0160,39ef1cad-1781-4012-914d-b5d4ce22febc
f0e8f3bd-fb7c-47e2-872c-75f1797a9a90,,https://ilga.gov/Legislation/PublicActs/View/104-0234,ed432c84-551c-4b5b-9497-17d8d2b19e72
3c255c07-92cc-40ac-a50f-ed86cdadff85,,https://ilga.gov/Legislation/PublicActs/View/104-0087,4880f976-5f84-4605-a385-aad945132db5
82ee3f02-d9d7-4df3-ab79-a3adddf7a560,,https://ilga.gov/Legislation/PublicActs/View/104-0243,2581aec3-c4ac-4286-865f-028b2a300243
5ac29222-de3c-4c90-9e63-933bfc1a1acc,,https://ilga.gov/Legislation/PublicActs/View/104-0194,267095c7-8527-456d-9af2-2e0f06d2fb40
021e55a8-60b2-4716-9609-9e54ee6d25c4,,https://ilga.gov/Legislation/PublicActs/View/104-0071,8c02c3eb-f586-45bc-af25-cc06461aeecf
77952403-4047-46ea-adbf-2bcc232668da,,https://ilga.gov/Legislation/PublicActs/View/104-0329,2b654d85-73fa-4c6d-a0f0-750b6246911c
16d506ba-ae4a-4eef-827b-22ddedc21614,,https://ilga.gov/Legislation/PublicActs/View/104-0392,a57a7639-7d91-4368-8693-1b7768b8d961
3e07943e-dfb6-4edc-8bc0-39e02c93a958,,https://ilga.gov/Legislation/PublicActs/View/104-0045,6f16e2c7-16ad-4af1-9c6e-445e79c47918
7e34d165-4205-44f2-9610-bb9eb48df70d,,https://ilga.gov/Legislation/PublicActs/View/104-0201,4d013e33-4ec9-4ba3-9577-b606277bed2c
a910f5dc-384c-4883-b025-6bb835fc0795,,https://ilga.gov/Legislation/PublicActs/View/104-0419,956e4278-ef5e-48bb-b2d3-95f121fb1b0c
366ccccf-cc66-4fdb-ac81-35dd6a3b837a,,https://ilga.gov/Legislation/PublicActs/View/104-0067,0b5d1846-0b79-4879-ac30-45d9d662f506
4a5d5b9c-654a-42be-a250-a1e261969052,,https://ilga.gov/Legislation/PublicActs/View/104-0011,da0863ec-93b7-4c73-9386-a2b6b173ef71
869f01af-91f7-4a93-ad54-38f92dba02b0,,https://ilga.gov/Legislation/PublicActs/View/104-0345,147acb3a-583a-4e05-a937-666a132dfce9
00cd5ad4-4a38-4916-966a-61cfdd88caf5,,https://ilga.gov/Legislation/PublicActs/View/104-0261,3ba9d205-7d24-4ae4-9ea6-11e541b7ec27
9813f7a5-62c3-408c-a056-a2e19c70dcc6,,https://ilga.gov/Legislation/PublicActs/View/104-0225,a8cbe6bf-74e2-4205-8bcc-7f7a201cdaef
5c05c6ba-abc7-44f6-8536-ab4e7cf97c7b,,https://ilga.gov/Legislation/PublicActs/View/104-0280,7faa4320-d786-4266-af46-3ba229bc3813
ea988d1f-ebc4-417b-91cd-94e85ebc7948,,https://ilga.gov/Legislation/PublicActs/View/104-0354,a08a06c4-a81d-41db-95c8-d1cdcc418a38
57afd602-8f67-467a-934b-90f230aa8d5a,,https://ilga.gov/Legislation/PublicActs/View/104-0144,4032df4b-7c51-4b8d-a394-e24290e934d7
380f9bf5-840f-4580-acc5-aad2de8afbaa,,https://ilga.gov/Legislation/PublicActs/View/104-0251,b6ece2ab-e700-4590-800f-66310b5fbc16
292cd0f8-77ee-4740-add0-c702112aef78,,https://ilga.gov/Legislation/PublicActs/View/104-0119,26420ded-ee68-40cf-b4ef-e8d2855decd6
3792769d-4213-4ffc-b96e-d00c42938dcc,,https://ilga.gov/Legislation/PublicActs/View/104-0052,6f53ccbf-22da-4c08-b8ea-f4f2c2004acb
3b6cebde-8c16-4a28-8f6f-83ee97b88f76,,https://ilga.gov/Legislation/PublicActs/View/104-0082,79fd2116-a79b-4e51-b1cd-77e8df3cbe8f
08e13a5e-b646-4942-af0b-50ceffe00648,,https://ilga.gov/Legislation/PublicActs/View/104-0109,f4f34c25-e54f-42bb-96d5-5f683dbb1de3
efffade3-e17d-4442-9aa7-5bb2af453fa0,,https://ilga.gov/Legislation/PublicActs/View/104-0297,c2ec5a9f-abe5-457b-9e56-66bd7edb8df2
33b13fc8-61a3-43fa-9007-db377d6cf7d3,,https://ilga.gov/Legislation/PublicActs/View/104-0128,0de750ff-ad90-4b19-a4df-b28302bb0d4b
3321e138-7e3e-48a5-92fb-0e90a9da2a87,,https://ilga.gov/Legislation/PublicActs/View/104-0203,edebdc0b-3425-48a0-89d8-0a5672823b4e
eb5a658e-d793-4d0d-b7d2-f770c174d6bf,,https://ilga.gov/Legislation/PublicActs/View/104-0005,d275a605-4b55-45b3-981a-e2bf24648495
75f24188-b407-4fde-8958-ef9c1f742988,,https://ilga.gov/Legislation/PublicActs/View/104-0208,f18f435f-4c6a-4c4b-9d59-116ed098e89d
aa258847-4f5b-4624-84b1-4361c5135ced,,https://ilga.gov/Legislation/PublicActs/View/104-0317,c38f3ea8-8dd5-488e-a3cf-889804c3e458
bf030978-5b44-468f-9fea-0273ae93ff6e,,https://ilga.gov/Legislation/PublicActs/View/104-0406,40ca57a0-6255-4c27-b1ae-930cd94a6502
e4453b63-7e1a-4b43-b643-bc97662eae8c,,https://ilga.gov/Legislation/PublicActs/View/104-0279,77131c8e-02f7-4399-9d68-c57564eb36a1
2aa4a682-c3f8-4106-9b76-af27a70d7a32,,https://ilga.gov/Legislation/PublicActs/View/104-0340,ae4a2feb-504b-4fbf-8ed5-92ff01dd331f
02ca50d4-36e0-4172-966e-f1ab8a20d66f,,https://ilga.gov/Legislation/PublicActs/View/104-0332,14ee17b6-f8a7-4377-add4-3eccfe7840b5
82887133-3d51-4281-950b-2a9c97503a99,,https://ilga.gov/Legislation/PublicActs/View/104-0220,afec8f29-e22a-4892-9ac1-e1f458183b23
d4f5d893-ab63-4a22-989e-2a19aeb69c3a,,https://ilga.gov/Legislation/PublicActs/View/104-0271,43679d44-0262-4a22-bb7a-e6effb100efe
104f6b92-540a-4df9-a4b1-1b864a853d98,,https://ilga.gov/Legislation/PublicActs/View/104-0302,a79d3c1d-d1ee-42e9-b47d-d6e58cb3dbb6
058f57db-21c2-469c-9a74-5970095e06c9,,https://ilga.gov/Legislation/PublicActs/View/104-0322,d4bf6ae6-eb1f-45c1-a2df-c279c805b66f
38155555-e29f-4d54-adaf-40362242e1b6,,https://ilga.gov/Legislation/PublicActs/View/104-0143,ada6f6bc-b71c-49cd-b493-ca622e6a9975
f61517de-1e10-4d4f-bfaf-1447ea6d53b3,,https://ilga.gov/Legislation/PublicActs/View/104-0367,c0742fea-8d72-4250-8183-738e33e57345
64ce35e1-cbca-43a4-82c0-581eaf14bb24,,https://ilga.gov/Legislation/PublicActs/View/104-0170,9db89c91-4567-4322-abbf-e0ba63663bb5
33cf654c-170d-4383-839f-041735feffd0,,https://ilga.gov/Legislation/PublicActs/View/104-0032,762a9f2b-cf27-4a30-b56b-16f57f2d2fa4
bd465fdf-06db-4976-b4dc-339b73d79409,,https://ilga.gov/Legislation/PublicActs/View/104-0241,f6ac7ab9-13a9-4612-ad6d-c1367ac3e99f
3b0cc197-fe40-4c84-b5c1-d398824dd7e1,,https://ilga.gov/Legislation/PublicActs/View/104-0211,a2eb1207-216b-4b2b-9095-99fed06d9ca2
3b9fed3d-57a8-4554-9748-66ed871eab7e,,https://ilga.gov/Legislation/PublicActs/View/104-0230,02ca7297-9d77-49b2-8755-d7a6713e0222
71f20618-6716-4f79-bd74-a347f8b48387,,https://ilga.gov/Legislation/PublicActs/View/104-0187,31665983-b25b-4a9c-b1e2-6da463bcf9a2
75be91cf-6a32-4a8c-93e1-babdd9d01ddd,,https://ilga.gov/Legislation/PublicActs/View/104-0113,1457227d-a7d8-4ea0-93be-3cd886008234
b151ad4f-9e0f-4dc0-87b8-77208fb23ecc,,https://ilga.gov/Legislation/PublicActs/View/104-0044,8c40dc7d-7e1a-4386-b9d9-81a4713b7943
14a4eebd-0142-4692-86bd-ee8f0d2c7750,,https://ilga.gov/Legislation/PublicActs/View/104-0334,20670460-5ca6-450e-9e90-b6198a958225
eddd1946-023f-4d50-8a52-a3c4bab00e42,,https://ilga.gov/Legislation/PublicActs/View/104-0069,024599d3-9eee-43bc-b977-410f9c17538f
213d5c08-c6f4-4bab-b3fa-a21ccc608811,,https://ilga.gov/Legislation/PublicActs/View/104-0098,860bf32a-15a3-4c78-87b9-8939df6e553b
a9881cd4-8dbb-46f0-aeea-c1f3e3e57124,,https://ilga.gov/Legislation/PublicActs/View/104-0191,d9ef4a68-bb16-4233-907b-3f3bda677986
6c6d8a1e-212c-4ff5-8d7c-f1e0681f450b,,https://ilga.gov/Legislation/PublicActs/View/104-0402,cb9f45f1-c6a7-4068-ab1f-b3fb3c684533
42ac2206-5f94-4533-bcc6-318a7e5bb9cf,,https://ilga.gov/Legislation/PublicActs/View/104-0430,2968b31c-f66c-4ae0-90f7-e4ed8bf98c63
c1ed9612-57dd-4065-b574-aafcd6f82cbd,,https://ilga.gov/Legislation/PublicActs/View/104-0381,58a29630-580b-41cb-8ea3-751fae8e67d7
87c02ea1-e65a-447a-a152-0d527946bd7d,,https://ilga.gov/Legislation/PublicActs/View/104-0274,6e917dac-3c87-4c5a-8107-5e4304a43de8
6010892c-b825-41a8-962a-d9deed3b3327,,https://ilga.gov/Legislation/PublicActs/View/104-0006,58506d94-7478-436c-9489-c33103834176
356aaf7a-ae63-4930-8623-d978c0f4ef31,,https://ilga.gov/Legislation/PublicActs/View/104-0216,c8bb19f0-1243-49c1-8318-236324d35433
4f3e88f9-ab88-4577-be9f-515b0b435737,,https://ilga.gov/Legislation/PublicActs/View/104-0371,16bf8322-2b4d-46e0-93ec-065a1bd3fa15
2e874689-695c-4d50-bec1-f95a4d2618c4,,https://ilga.gov/Legislation/PublicActs/View/104-0226,4216c2fa-db2f-43e9-9d13-8b322725637f
d2b3dcd6-b825-4abb-94e6-c4a7ad5a8d3c,,https://ilga.gov/Legislation/PublicActs/View/104-0101,9c50675c-26f4-4a5b-94db-6551d52f2fe5
3c414e0d-a44d-4562-915f-0137ff2caa31,,https://ilga.gov/Legislation/PublicActs/View/104-0235,41d88a7d-e992-4963-951f-2864293935eb
d4ff0a19-0545-4565-bb6b-47027ab2463d,,https://ilga.gov/Legislation/PublicActs/View/104-0328,c2bb8363-8c0b-4121-ba5b-e608773b5144
825c2ba4-102e-4537-bf30-159e4d408172,,https://ilga.gov/Legislation/PublicActs/View/104-0249,570a7448-db26-4876-86dc-9b1e14b4e605
11a4aef4-417c-4486-8546-2d2d1d239a50,,https://ilga.gov/Legislation/PublicActs/View/104-0247,b780156c-5146-4bb8-9391-4131b9a6fce5
420c281e-f22b-45e2-842a-978436807a39,,https://ilga.gov/Legislation/PublicActs/View/104-0046,78cbcdf4-99ff-4757-abb7-7fe9473ff5ca
5e29ca5b-f8d2-4193-aad6-23b16efe53b3,,https://ilga.gov/Legislation/PublicActs/View/104-0359,2b0c7a6d-8018-44c2-9f68-ba68a45957e9
3735b60f-38e5-4fea-895c-fff2cc8ee0ea,,https://ilga.gov/Legislation/PublicActs/View/104-0012,8dff1002-7abb-45ef-8e44-57252fdf9d91
0ef15a11-f1eb-476f-8118-a5a6353390c7,,https://ilga.gov/Legislation/PublicActs/View/104-0360,b68192ea-c85d-4a7c-874e-77eaacb04a8b
e4c62f05-2fce-4450-8b2b-7f28806864e6,,https://ilga.gov/Legislation/PublicActs/View/104-0244,4079846d-6fe5-461b-97b8-2632b4bd1ed0
2db4bffd-ca0e-46e5-8438-3f0de1effc9f,,https://ilga.gov/Legislation/PublicActs/View/104-0227,2a35d9fe-abd6-4215-9cb8-92d86e6d8223
08f10d9a-ec73-4812-a751-01d23e8a7bc9,,https://ilga.gov/Legislation/PublicActs/View/104-0111,43ffba4a-3b77-4348-8870-a19d85f491a9
8524488a-3e52-4d80-82bb-841f75d23197,,https://ilga.gov/Legislation/PublicActs/View/104-0296,53c87647-798b-4305-913e-4ddb92edcbca
ff8dc784-7509-4d7e-a10b-f21cdf6efb57,,https://ilga.gov/Legislation/PublicActs/View/104-0033,197d0cd5-80da-4382-a9ea-3502737070ad
f9630571-784a-49a5-804a-8df047d35770,,https://ilga.gov/Legislation/PublicActs/View/104-0429,4708b505-5e61-4140-bd6b-fb5e546a4c1c
fc4175fa-4f52-439b-b534-1af27504ff81,,https://ilga.gov/Legislation/PublicActs/View/104-0266,4f16b663-1195-43b3-af0c-19cf6d33ae9f
3be4b01a-62ba-482d-9756-64d59656a051,,https://ilga.gov/Legislation/PublicActs/View/104-0186,099138d3-f1ab-435b-9947-c8dbd45ebe5a
0877f6ae-3e24-4ee5-b720-6e7efe2b219b,,https://ilga.gov/Legislation/PublicActs/View/104-0078,82e6d44c-1691-4c50-8994-57b15780b1a6
8fe948c5-922d-4a49-8232-8fbce9513d9b,,https://ilga.gov/Legislation/PublicActs/View/104-0319,1b35c97a-e37a-44ba-a18b-753258d964e9
557784ba-6602-48c3-8b1f-2af5e8d1d232,,https://ilga.gov/Legislation/PublicActs/View/104-0221,b10c625c-1455-4a8b-8a61-8a19b538e441
63e2b88b-64db-454c-bb6b-56be115a659c,,https://ilga.gov/Legislation/PublicActs/View/104-0080,ddc3ceab-03ed-47d3-9754-9b06379e1f30
f61f4e11-0e9f-47b7-ac6c-27c032d57a2b,,https://ilga.gov/Legislation/PublicActs/View/104-0047,23d6365f-944e-4f59-8092-16e5c7d42e84
4a20bcb4-0b83-4f6f-8017-bfd0e6cf1edd,,https://ilga.gov/Legislation/PublicActs/View/104-0368,8192fca8-4601-4298-95e9-53ca506b0c27
174d96bb-b540-466d-81da-86e175d0b4f8,,https://ilga.gov/Legislation/BillStatus/FullText?LegDocId=197450&DocName=10400SB0246gms&DocNum=246&DocTypeID=SB&LegID=157660&GAID=18&SessionID=114&SpecSess=&Session=,333b4fe3-ff44-47d5-87ab-df120b0a5bd8
466bef02-0013-4d42-af16-eee921ea9857,,https://ilga.gov/Legislation/PublicActs/View/104-0091,6b989d8e-bc15-4f65-a3e2-ca81516c26d5
06df064f-dda4-4953-b911-559e7f52ed4e,,https://ilga.gov/Legislation/PublicActs/View/104-0212,3e14697a-ff0f-4842-82f6-459413bb5269
e6b31612-b05e-48c4-b366-6dd18383798a,,https://ilga.gov/Legislation/PublicActs/View/104-0246,cdfdd64d-ba92-4d0f-86e9-bedcc321673e
cddcf695-7349-4b77-9de2-d5cf4a0a807a,,https://ilga.gov/Legislation/PublicActs/View/104-0309,fde849d2-b662-4863-8e74-082963ccf5f1
47eef75a-15d5-41cb-8f32-1d03ced23135,,https://ilga.gov/Legislation/PublicActs/View/104-0420,6e63867e-9d11-4f19-b923-b38cef8c6875
d141c5dc-d5b5-4d35-a96b-6545b4ec8246,,https://ilga.gov/Legislation/PublicActs/View/104-0017,b4a49df6-e7ec-42a9-80de-4ce225f6c90c
f25380ee-fbaa-4153-bfa0-dcd3b2ae1540,,https://ilga.gov/Legislation/PublicActs/View/104-0157,6cec167e-0dd8-4ab3-8273-91c6818e0ce6
99288791-0468-40c6-8b9a-34a91c9d4f22,,https://ilga.gov/Legislation/PublicActs/View/104-0061,bc0bc53d-1bfa-44cb-b1eb-02be6040a900
993a144e-2324-4830-965a-d27b55ec1796,,https://ilga.gov/Legislation/PublicActs/View/104-0142,52f9c950-60f8-4097-ae72-36b4e62694b4
74552b4c-c7cf-458a-88c9-9b4714494983,,https://ilga.gov/Legislation/PublicActs/View/104-0094,acf8b04e-0c5d-4b3b-a067-5da2de294b7c
7a2ed469-93d2-48d8-a8a2-9d284e78c8d2,,https://ilga.gov/Legislation/PublicActs/View/104-0330,41165f8e-cd0e-43c8-9bca-6f9971baf342
d8a68e97-0360-47a5-92b6-d6fd063f3339,,https://ilga.gov/Legislation/PublicActs/View/104-0248,9c567198-74ce-4e06-8997-bb5a6867caf1
c38e16bd-6bb7-44eb-bf88-0a3cdcfa7254,,https://ilga.gov/Legislation/PublicActs/View/104-0337,0cfc2c15-e4cf-439a-a827-efd9156f7a66
eab678d8-3bb9-4d35-8468-344c3031d3fc,,https://ilga.gov/Legislation/PublicActs/View/104-0093,d67ebbe0-98fa-4b3b-8c13-fd6e63297a22
49ca8914-b752-49c6-a8fd-42d57801e168,,https://ilga.gov/Legislation/PublicActs/View/104-0395,2ef0216c-0b34-486a-9abc-2d551bd732af
e8046d79-d1bf-47c1-9076-1586c3d1e8cd,,https://ilga.gov/Legislation/PublicActs/View/104-0185,9c92bc44-bde5-4763-94f3-eefdcb56ef47
73383b5f-4a00-4ada-8e89-424006138f56,,https://ilga.gov/Legislation/PublicActs/View/104-0103,7cc239bc-9c55-419e-96b0-2062773c1171
1b4fcd52-9469-4f48-ab72-3edea857f9d6,,https://ilga.gov/Legislation/PublicActs/View/104-0421,6b35d2bd-ba9d-4907-ad7f-98b5c671647c
27a9a6f0-c309-4da1-b1a5-ad7b339d7b80,,https://ilga.gov/Legislation/PublicActs/View/104-0365,10c090cf-469a-447c-bcf1-d26ebd61d0da
a972b2bb-218e-4c19-8543-1117fbc4af4f,,https://ilga.gov/Legislation/PublicActs/View/104-0348,ba492114-77f4-433c-9f63-95e176158dcf
ddef4aaf-6ac8-4069-bea2-473a265e197e,,https://ilga.gov/Legislation/PublicActs/View/104-0154,2f420c5b-0d99-4eed-af2b-36892d3bb3f2
6ccabc0d-8e35-4020-9244-a1ef73ed9803,,https://ilga.gov/Legislation/PublicActs/View/104-0325,c20384e8-9d85-43ac-87ba-7a880fd867ff
1c07c0db-854d-468f-91e6-3d655e6527e8,,https://ilga.gov/Legislation/PublicActs/View/104-0433,a40f083b-9ca5-4e13-8bfe-f573490b4d2d
226532ad-4028-4a82-9108-1c9cd82c4012,,https://ilga.gov/Legislation/PublicActs/View/104-0171,c80f8b87-e842-4b83-8fc5-0a028b4ea636
1a6b7d9c-5312-4425-b5e1-060aeafceb7e,,https://ilga.gov/Legislation/PublicActs/View/104-0361,3b218fed-3919-4013-abd2-e33ab06f81b2
1e91c126-0edf-4ec4-b734-9892678dc3f4,,https://ilga.gov/Legislation/PublicActs/View/104-0166,4e97f964-ff7c-40a0-8871-b796eb6823c3
fe961771-6f15-4028-aeb9-958b453633ca,,https://ilga.gov/Legislation/PublicActs/View/104-0027,69055336-b3ab-4a70-afc5-8154c9246d8e
8fda1d56-4083-4555-a781-b6248afa770a,,https://ilga.gov/Legislation/PublicActs/View/104-0313,03195e1d-abe4-4429-b249-708f33b49eff
bae90b8b-9022-406a-a611-2b5b8c9e06b5,,https://ilga.gov/Legislation/PublicActs/View/104-0063,d51f8679-a4fa-4999-8c70-947896c08389
f8ebc36b-7f01-411f-a321-12e2cf667fef,,https://ilga.gov/Legislation/PublicActs/View/104-0003,875c9e5e-d070-4ac9-88c4-6f446ac38d4c
6bd600d8-120e-4761-9b5c-d301b02261eb,,https://ilga.gov/Legislation/BillStatus/FullText?LegDocId=202504&DocName=10400SB2510gms&DocNum=2510&DocTypeID=SB&LegID=162720&GAID=18&SessionID=114&SpecSess=&Session=,03aa3e7c-4e13-4324-afb4-6dcf8d1a982d
f9242c28-2b43-40c2-abbc-b4028866673a,,https://ilga.gov/Legislation/PublicActs/View/104-0020,14465e78-e184-449d-9c1e-d56395049985
3481a0d7-5ff8-4f58-8439-42067eab2ae1,,https://ilga.gov/Legislation/PublicActs/View/104-0180,e55e6314-2abb-464d-8bae-0765b885f6d7
b42cf935-d5e5-4241-90c2-02c9500dd3f8,,https://ilga.gov/Legislation/PublicActs/View/104-0242,56f116d6-0547-4d30-8172-018fcbdf7d03
18a41aee-b9e5-424c-b991-62a55a8f466e,,https://ilga.gov/Legislation/PublicActs/View/104-0089,42a1a9e7-798a-47ec-82a5-83d5c37541e2
6504758e-7843-4d11-8641-0d7deaa55c2b,,https://ilga.gov/Legislation/PublicActs/View/104-0184,05ca3dbd-119a-42b7-b5d2-59212d019141
aeeab4da-6674-4af0-bfce-de6d0d7fcc35,,https://ilga.gov/Legislation/PublicActs/View/104-0240,c1fe1b1f-0840-4982-85dd-2435ca456516
b6dc5f6e-7bf6-4f5f-8b11-4c0e33fbdf5f,,https://ilga.gov/Legislation/PublicActs/View/104-0150,159621a2-e327-47ab-b00a-7c22dcc0cb25
504e9c1c-725e-42b6-9c34-0ca95486e4a4,,https://ilga.gov/Legislation/PublicActs/View/104-0024,485191ba-0677-407f-9265-c66777343e37
8faecd1d-29b6-4590-ae22-364f8dc471f0,,https://ilga.gov/Legislation/PublicActs/View/104-0316,10a59196-5af3-431b-b37e-f98a20cc3948
ffbc079c-e32c-43a5-89d6-037af95cbecc,,https://ilga.gov/Legislation/PublicActs/View/104-0301,c5647dc6-d561-4b02-9369-4e12023a8992
8c56a016-c10c-4b37-bb8c-abb8166750dd,,https://ilga.gov/Legislation/PublicActs/View/104-0074,c2fc9860-706a-4492-afb1-eb789d837e45
1574bb4a-5ce4-421d-8f25-0b5f96bb46ba,,https://ilga.gov/Legislation/PublicActs/View/104-0415,9ce8a4de-6528-4f59-8433-e1f09507c8af
edc13f51-2a72-4576-8eda-fe78075910f6,,https://ilga.gov/Legislation/PublicActs/View/104-0097,28b8d888-4752-483b-bb69-e04fd2d54a0e
9ccf26bc-6857-40f8-8ff3-0859128ff38e,,https://ilga.gov/Legislation/PublicActs/View/104-0386,7e1c9127-ec06-4491-a94e-93fedf40a5c9
1a46489b-1596-4ba2-8168-b98b47b29f5a,,https://ilga.gov/Legislation/PublicActs/View/104-0321,0ffcf8a0-5474-432e-931c-cea7ab9e2708
069e4de7-1faa-42fc-9962-a4988322dd03,,https://ilga.gov/Legislation/PublicActs/View/104-0029,863a5369-d390-408e-9314-e0d77ba5dc65
ee78d110-902f-4990-acfd-6e01e919499c,,https://ilga.gov/Legislation/PublicActs/View/104-0031,95e606ab-3d55-4e4a-9162-67de0c47a7a1
9df164d8-7074-4358-bec3-aa52052bbcbc,,https://ilga.gov/Legislation/PublicActs/View/104-0379,b3956b76-fb90-4402-b3b0-a88a1c66a399
fd5a08f1-0705-4df6-ba8c-10410048c270,,https://ilga.gov/Legislation/PublicActs/View/104-0155,24fa68c5-464c-43fe-93ba-93a1c9bef90a
2b520bf2-d6a3-4c2f-a956-910b9525178d,,https://ilga.gov/Legislation/PublicActs/View/104-0210,fe51f2c2-dd1b-4396-8c72-66126f3a4ad4
a270dd02-8d54-4841-be49-1a6b4fcf1867,,https://ilga.gov/Legislation/PublicActs/View/104-0092,17578776-e39c-40a8-9a02-6256b7530b80
3fbd9932-2add-4f83-a557-3516fe72299e,,https://ilga.gov/Legislation/PublicActs/View/104-0206,70a5caaf-7f60-48f8-b45d-b58bdf509199
70f7d100-e789-4e47-adc1-3ef3ecdf8aed,,https://ilga.gov/Legislation/PublicActs/View/104-0341,c71e50c8-d72b-4683-b5f4-f77ac995a846
52e472b6-a5fd-4143-bf14-f21fae4660c3,,https://ilga.gov/Legislation/PublicActs/View/104-0205,00d83872-31fd-4c59-9e3e-be599bc66649
7f86afad-b087-4fb3-b73d-08a798ed8d20,,https://ilga.gov/Legislation/PublicActs/View/104-0146,efedc04f-05c6-4b53-a3c4-943adc17e2ff
198f78bd-022c-44cd-a2b9-6a9b8f2296f5,,https://ilga.gov/Legislation/PublicActs/View/104-0018,50493b22-8772-41b8-a2e2-f7fc8e94a2c2
7793c77c-ac23-44e8-b155-db242841b169,,https://ilga.gov/Legislation/PublicActs/View/104-0035,ca4b7576-9568-4a49-aa5c-90bd2fd5464d
73dcb402-e5ee-43fa-a77e-9cf5cd72d01f,,https://ilga.gov/Legislation/PublicActs/View/104-0009,4690e16a-c71b-46ca-aeb5-d53ad84174a4
5a42c866-c128-4e48-85e4-668f32f1d236,,https://ilga.gov/Legislation/PublicActs/View/104-0122,7bcec273-bfd6-47c7-94fd-f6dd73b24db5
b40108cb-f956-4e69-8905-425639f8525f,,https://ilga.gov/Legislation/PublicActs/View/104-0048,87cea26d-4803-471a-894c-89a8476f6868
265c7e3b-e96c-4598-8f8b-d73c1e79c914,,https://ilga.gov/Legislation/PublicActs/View/104-0233,76270bae-98b6-44c8-8d92-c548920f7a44
409a8a8b-a97c-40a7-b957-78422790cd38,,https://ilga.gov/Legislation/PublicActs/View/104-0004,5c403187-d0d1-4a15-b8b5-15a24222a6b4
5e3e68f6-a7d2-4c3f-8f08-ff59180d132f,,https://ilga.gov/Legislation/PublicActs/View/104-0396,e1ac80d9-5a69-428a-b110-46fa4237cd21
51e3f9fe-6f7b-4f77-9a78-e1b1901dc674,,https://ilga.gov/Legislation/PublicActs/View/104-0239,6731f97f-60d6-439f-8e3a-0c56a82641a9
32c15a6d-a48f-4898-9dc2-f00c2b921f78,,https://ilga.gov/Legislation/PublicActs/View/104-0278,6bc3ece7-0205-4060-857d-ca84a02cd8fb
13e294a3-e792-44b5-b402-f9aca7b04d93,,https://ilga.gov/Legislation/PublicActs/View/104-0362,811512c9-b71b-43b3-9341-dd44d4012b67
e3d5b02c-331b-428d-b583-8d4388f87fc4,,https://ilga.gov/Legislation/PublicActs/View/104-0219,d7f860f4-924c-42de-88ee-034a8f1b7bf7
283faf1d-f5e0-4fe0-bcdd-aaa4ebc03a86,,https://ilga.gov/Legislation/PublicActs/View/104-0001,d061bf13-62a9-4cbc-b1fb-848c25281158
dc1aa4c7-a988-4104-bc36-1c410a5cceb7,,https://ilga.gov/Legislation/PublicActs/View/104-0066,5c597ef2-dac2-4446-98a4-7eb74c4832f4
66d0fdf2-f8a9-42db-bc33-6cce77fc0db6,,https://ilga.gov/Legislation/PublicActs/View/104-0431,4ea4905a-9187-48e1-8696-72410347aba7
df8e761f-6e85-43b0-8885-a0822d26b4ec,,https://ilga.gov/Legislation/PublicActs/View/104-0414,4c31bb77-79fc-4b2a-aea5-02769e140301
4f1f1399-5c98-45a6-96e7-ae047464cd2f,,https://ilga.gov/Legislation/PublicActs/View/104-0293,0419fcb2-7bf7-4c22-abb3-2958b9331c12
6519c97b-1afa-405b-903f-4bd567b673e1,,https://ilga.gov/Legislation/PublicActs/View/104-0049,19ba8dc0-8f2b-46eb-a3d2-a63e4ee48672
54f1aab3-7aef-47a6-812b-119b906b7843,,https://ilga.gov/Legislation/PublicActs/View/104-0172,4fddc362-eb70-471f-8f07-c5cc4d4c52a8
b945e6ca-25d8-4888-897b-5aaca00ca15b,,https://ilga.gov/Legislation/PublicActs/View/104-0198,340f3736-47b7-47e7-9078-0d4d47620a3c
849865c0-6d79-410d-aee7-7281bc1445c4,,https://ilga.gov/Legislation/PublicActs/View/104-0268,bada7df1-1948-414f-ad0d-476ceb11b51f
e9b6aaa1-5d95-416c-b375-79a83f891653,,https://ilga.gov/Legislation/PublicActs/View/104-0304,57c09a47-dd91-44ba-8aa4-024a8beb30e0
8d4a5cb8-bf55-47a0-b809-e01114c3bcfb,,https://ilga.gov/Legislation/PublicActs/View/104-0273,e17153bd-3cad-4631-bbe1-02271051333c
8dc819aa-7edd-47ee-a0c2-2292daa63513,,https://ilga.gov/Legislation/PublicActs/View/104-0070,7b8d5126-6759-4d45-a1b4-33e415c603d6
033ebc39-31a3-4265-bf92-040b63ddb72d,,https://ilga.gov/Legislation/PublicActs/View/104-0062,6b097815-9793-4b9b-bc1c-69bcffa5268a
ce59322f-64ba-4625-94e1-875ebfaa7ff7,,https://ilga.gov/Legislation/PublicActs/View/104-0079,d9722fb5-ca46-426d-8efc-5675db580248
90c78ede-0a37-45d9-a462-4e798248e8d4,,https://ilga.gov/Legislation/PublicActs/View/104-0257,43f7cf51-7d9d-4bf3-a26f-83e713ac0906
e1636dd2-cebe-459d-8ec7-2500e1d9ad1a,,https://ilga.gov/Legislation/PublicActs/View/104-0403,159fdc9a-0ba2-4d86-9076-73867f33a877
a88be9b8-32e9-460f-93d4-19f425377ec5,,https://ilga.gov/Legislation/PublicActs/View/104-0118,e76c7b4f-f3db-4a49-af42-182cc7aa3bbb
205c7020-578e-4c1f-a73d-e88307deddc4,,https://ilga.gov/Legislation/PublicActs/View/104-0117,e3b7f1cc-e40a-44ba-970c-d84bdf29a28d
899c1a3a-ac2b-46d4-ab4d-e4476d67f06c,,https://ilga.gov/Legislation/PublicActs/View/104-0019,0ca17b1b-9ef1-41cd-9055-5b23d88a81af
b8c9aa49-beeb-4020-ba49-86212aff0521,,https://ilga.gov/Legislation/PublicActs/View/104-0265,41d86e36-00c8-4faa-b01e-43d62b86a0e8
30c58cfd-58d5-44c9-9b67-c5704e13adc5,,https://ilga.gov/Legislation/PublicActs/View/104-0137,641281c7-21e8-480d-9a5b-9c0e01fb3df5
4abc21aa-ecb0-4768-8477-425b4384b09f,,https://ilga.gov/Legislation/PublicActs/View/104-0175,c9eb6f39-2c76-4682-b962-6e79054b7f8d
bb6082ea-81f5-47c0-b7a9-8ed7ec1bf5cc,,https://ilga.gov/Legislation/PublicActs/View/104-0314,20986f87-e85b-4a38-ad4f-ea1cd3de3cea
422d3835-709c-4c86-94d3-e8d528d896e4,,https://ilga.gov/Legislation/PublicActs/View/104-0030,3ac31353-adbc-4504-8cc1-5fbf08a8c1bf
b2b487bc-355c-428c-a282-471311608f2d,,https://ilga.gov/Legislation/PublicActs/View/104-0041,869646ec-6f65-45a4-87bd-3673240ca00d
53d41d47-5604-48d6-9784-fffc3c57c43c,,https://ilga.gov/Legislation/PublicActs/View/104-0108,10347dae-4fc9-4483-aea2-02dcab894f96
c2a0d7b5-2db3-487a-928e-ae4f01d7cf41,,https://ilga.gov/Legislation/PublicActs/View/104-0276,bd87a5f9-a7ae-405c-9a57-045053744b74
5e090b2b-3ec1-4348-87c9-68ebecd424aa,,https://ilga.gov/Legislation/PublicActs/View/104-0028,93819a7d-7e50-433f-b3c2-a9ed53cb6348
4b104619-11de-4088-81ab-131b5477ce9a,,https://ilga.gov/Legislation/PublicActs/View/104-0284,baf847a3-3efa-43d0-8c60-6480a90f1cf6
f6872a38-2045-4ba5-bd9e-0168909ded7c,,https://ilga.gov/Legislation/PublicActs/View/104-0139,6cf5e6ef-2a70-43da-be08-9b7725e6e029
2bee9015-77df-4a7e-9702-80a4b726df2c,,https://ilga.gov/Legislation/PublicActs/View/104-0176,d175c7d0-b287-43b7-8c3a-b1e79e66dce5
cce13333-7998-4095-9665-691aaf480505,,https://ilga.gov/Legislation/PublicActs/View/104-0088,fd298462-bce3-4f08-8c7e-f05e65a14aba
47929ec0-4303-4824-a504-32ba54f80cf8,,https://ilga.gov/Legislation/PublicActs/View/104-0127,5e5e97dd-3f33-4dc0-bb7d-529a07649d4e
7523056a-3bc7-4d70-8172-52c3b8931896,,https://ilga.gov/Legislation/PublicActs/View/104-0222,190919cd-b737-4e36-b695-c1598b4ed4f6
c1d21baa-04ed-4e6b-a844-b675a425c6d0,,https://ilga.gov/Legislation/PublicActs/View/104-0387,1547add6-85f3-47a3-8aa0-39ff0a709411
cc422e31-e1ce-4989-a702-c9398c5e510f,,https://ilga.gov/Legislation/PublicActs/View/104-0287,ae7f608b-2571-44f1-8ba8-06c517abe89f
5b540e8a-c839-48ff-a5c2-a47288c3bd72,,https://ilga.gov/Legislation/PublicActs/View/104-0357,73ab6abc-c933-42f6-9571-c5693aa0370d
d23f4b28-a7ca-4ba0-8075-998568c315a1,,https://ilga.gov/Legislation/PublicActs/View/104-0085,d2e447ee-00c0-4ee0-98f8-6f82d1188366
ad9ca739-9618-4e12-aaec-c5c0c2491184,,https://ilga.gov/Legislation/PublicActs/View/104-0102,98804ffb-fd45-4cb4-bc99-c2f812e9f7ea
1dfc6cd9-5aca-4cce-84d9-a92b6b56deef,,https://ilga.gov/Legislation/PublicActs/View/104-0378,c8cd33b8-b7ab-4c9a-a9f9-4bff51722ef2
19151116-af4f-4c00-961d-bf419fcf15bb,,https://ilga.gov/Legislation/PublicActs/View/104-0401,a4d043f3-b72e-467b-a848-674e8d48ff35
feaba6b6-4e5a-4866-8682-32793076e93c,,https://ilga.gov/Legislation/PublicActs/View/104-0121,7b923326-d319-4382-9ba7-7a777dd38b9b
4de16042-29de-4005-b4e9-b3379edb1235,,https://ilga.gov/Legislation/PublicActs/View/104-0174,86c004a2-88de-4df7-b841-08335fa19481
937c5773-c6e9-4d09-ba27-a9c59a1d8b62,,https://ilga.gov/Legislation/PublicActs/View/104-0358,ac6f3887-f5ac-4672-b40c-4fd691438746
c65be423-db99-4479-93c4-07a0e62808a0,,https://ilga.gov/Legislation/PublicActs/View/104-0026,ea6d7053-735e-4371-a2aa-1aff06b1b7ca
1d6d78fb-538c-41d6-9e92-9a272bac7869,,https://ilga.gov/Legislation/PublicActs/View/104-0323,ae06a124-9d2c-4021-a742-bbc733567183
9e24d9a3-d1a5-40be-8596-c5e934252183,,https://ilga.gov/Legislation/PublicActs/View/104-0413,da5a85b8-db26-4a51-b55a-71c2dbc33cfa
fb4ae5f6-2e7d-4ae2-8d11-cec3d57b63a9,,https://ilga.gov/Legislation/PublicActs/View/104-0163,2bec78d1-26e3-4611-ba66-1e3771992fd7
e9ead316-8a91-4e0e-9520-86769a610376,,https://ilga.gov/Legislation/PublicActs/View/104-0336,f33da55f-a1fe-489d-8d66-3735763376a4
db7c7f2e-78de-422f-b40c-6f37da50444a,,https://ilga.gov/Legislation/PublicActs/View/104-0115,87a198cb-943a-4e63-9553-7f4197035570
f3cc2f0c-80fb-4988-9d30-22d0ded85bf5,,https://ilga.gov/Legislation/PublicActs/View/104-0399,168d2f08-6ab8-4564-b085-2cdc0604a81f
8c66c210-27a8-4a0b-8a5c-7f1d375a75a4,,https://ilga.gov/Legislation/PublicActs/View/104-0059,a124f78d-49f0-4967-acdb-4f4b88535006
fd2f9df2-5b9a-4ee3-bfad-cd6ef86c5097,,https://ilga.gov/Legislation/PublicActs/View/104-0408,b4152fc4-ba3b-453f-a3a2-19c673320046
0c47cb9f-f77e-4e63-88a9-8764aa02b759,,https://ilga.gov/Legislation/PublicActs/View/104-0267,a517906c-adc9-4d9e-962a-539c75dc6c95
4018f50a-925a-48fd-a4b6-4137f224fd78,,https://ilga.gov/Legislation/PublicActs/View/104-0290,b89e1608-30d0-4622-8143-63cca5fcc3ae
eadc9ba8-ed83-4ade-bac1-2c5c1a04d999,,https://ilga.gov/Legislation/PublicActs/View/104-0023,38513db8-e607-437d-b429-937f0e86cc83
170de598-2656-4420-917a-f22509d7db54,,https://ilga.gov/Legislation/PublicActs/View/104-0040,4535eca2-cb88-4bc5-892e-fa2ce762518a
9e272e27-8adb-472c-b938-cdbebaa72477,,https://ilga.gov/Legislation/PublicActs/View/104-0252,4b7587e7-c5f8-4119-89ca-a9798193dbf4
a96183b6-17a4-4386-ac7a-319690633f19,,https://ilga.gov/Legislation/PublicActs/View/104-0038,9bde42f0-0ef0-412c-87c4-e3bceaf9cde8
1a006f07-3951-489e-b7e4-9664e585821c,,https://ilga.gov/Legislation/PublicActs/View/104-0404,f21a1e9f-716f-42bf-8d27-96d40a4da24a
b9fbcc23-c6c3-4ea1-874d-9e9521128b7d,,https://ilga.gov/Legislation/PublicActs/View/104-0374,5d42e3df-9c4c-4fdb-aeeb-57a6d3f20348
1bb2a695-cc89-4ea9-8b09-745dfc458ddb,,https://ilga.gov/Legislation/PublicActs/View/104-0193,d90c5501-794e-497f-b044-9d3f22319cfa
96f2f8b0-8745-4cb6-99a6-2d1234d076c7,,https://ilga.gov/Legislation/PublicActs/View/104-0426,acd4a8e1-2a2d-4323-aa97-d8995a4485c7
dddf87b4-e2c5-4019-946c-32b1d995effe,,https://ilga.gov/Legislation/PublicActs/View/104-0207,e832abbf-44f6-41f4-b8cd-7bbd4590699d
ce3bbbd0-c6f6-441c-88c3-a2b7bd112c27,,https://ilga.gov/Legislation/PublicActs/View/104-0384,9fcd5980-2b5b-420d-b97b-41850fc6b00f
0bee06a3-104b-4891-a469-90f8de60a4e6,,https://ilga.gov/Legislation/PublicActs/View/104-0425,97c01dd8-c15c-4009-a712-3550294b2ec9
84a2597c-9704-4cc0-b548-116fdd179557,,https://ilga.gov/Legislation/PublicActs/View/104-0209,1d44aca5-46b4-44a7-bab5-3edd51ab9583
8dfdb595-2703-4c52-92da-3d7980cf8f59,,https://ilga.gov/Legislation/PublicActs/View/104-0324,4d179295-1387-4010-b566-ba6a054d71d0
7d809a23-eed1-433f-b208-048bc78b3e61,,https://ilga.gov/Legislation/PublicActs/View/104-0153,74b46198-0dfd-484a-9df0-f64e290e7339
34be57ac-2f55-4f86-bdf5-0b47032d817f,,https://ilga.gov/Legislation/PublicActs/View/104-0318,ddcb2dbb-036b-4136-a92a-5f79f69824a7
16ef4c5a-cebb-4210-b09c-6184cbef5065,,https://ilga.gov/Legislation/PublicActs/View/104-0204,bbf59999-0406-4e98-aa4c-6b7f3d795a81
630e80f0-3f80-4651-9ef0-8e9b71228dd4,,https://ilga.gov/Legislation/PublicActs/View/104-0346,2409a5c6-f3e2-49e8-8363-0f95bdaacf56
9e38cc39-c8f9-4e26-a5bd-558c2ec09f80,,https://ilga.gov/Legislation/PublicActs/View/104-0422,7bc5fc99-5c6a-406b-a1e9-2d0c2e327004
b96edc45-7190-412d-b5a6-c0712a6a4882,,https://ilga.gov/Legislation/PublicActs/View/104-0188,a0c41619-6074-41b7-a6ec-d6efb9d2913a
f949db5c-b100-4fb3-9293-3a30b7e2850c,,https://ilga.gov/Legislation/PublicActs/View/104-0237,cdabef06-4200-4dc9-97f7-bd1b9475fbb6
4358d8a2-17e1-41db-a750-364ef0efd382,,https://ilga.gov/Legislation/PublicActs/View/104-0106,e5bdfdf4-3312-448e-971c-9fae9b88dc22
e9fe3601-38b2-4758-9d52-9c27cec072cb,,https://ilga.gov/Legislation/PublicActs/View/104-0135,3a6e85b2-13dc-4a68-a6e0-072cd1a5fcdc
8cea5219-675b-4d52-ab4a-0adfa015558f,,https://ilga.gov/Legislation/PublicActs/View/104-0351,2b5bd6b3-4cd8-4d28-bdfb-f779d4989ae4
4b0b1316-8d14-4794-98eb-b8bc5654406a,,https://ilga.gov/Legislation/PublicActs/View/104-0173,5f9a9412-b9e4-4355-a492-b83375196eed
1adbd16a-940b-4e82-a5c5-21ccba8f0da3,,https://ilga.gov/Legislation/PublicActs/View/104-0075,b5599ff9-7ce9-4a76-baf5-12de4804688e
761f74c2-7065-482b-8da2-2b5558e1dcba,,https://ilga.gov/Legislation/PublicActs/View/104-0311,795b0220-df2c-4bc9-bdff-1d7649539771
af864b01-262f-4f43-a17f-64a39628423d,,https://ilga.gov/Legislation/PublicActs/View/104-0236,d1059c33-48dc-4bff-9627-e4f53f13772f
d926ab79-7ed7-4053-af62-27a84b5b6dd4,,https://ilga.gov/Legislation/PublicActs/View/104-0037,d7e428a3-cbe0-407a-9ebb-a861fe264922
3a8c8838-857b-47d0-a4c5-722a06cb811e,,https://ilga.gov/Legislation/PublicActs/View/104-0428,b17a4588-1f3c-46a5-b3c3-d89cbed941ec
c5fec2e5-828c-45f6-a015-934c80e648be,,https://ilga.gov/Legislation/PublicActs/View/104-0282,1e497ec0-4b0b-434a-91fb-704ba420159e
9548c733-0197-41bf-b498-649703e2cdb4,,https://ilga.gov/Legislation/PublicActs/View/104-0076,b3d16959-7b86-4836-89ce-aed824585295
957905a9-3910-44d4-90fb-d52f85917bfb,,https://ilga.gov/Legislation/PublicActs/View/104-0015,abb952c2-fca5-4bc4-a1e3-787e91029e5d
825f0381-0915-4e81-b3df-6f378111eef4,,https://ilga.gov/Legislation/PublicActs/View/104-0263,241ed853-77e3-442f-9806-8eccbef79a9e
6e6dc4f0-ade5-4c13-a6d9-7192c5ec415f,,https://ilga.gov/Legislation/PublicActs/View/104-0149,c194ae8a-d660-4cc0-8e3a-0e78098403d0
938eac4d-155d-4592-8759-c1526f6b9ae2,,https://ilga.gov/Legislation/PublicActs/View/104-0083,4e139f0d-d2af-4aef-81d0-4f200da8838e
de2be307-0581-41f2-8418-468f3683db98,,https://ilga.gov/Legislation/PublicActs/View/104-0081,3fac243b-bf66-487b-8dd1-da03f5e549af
ac913d11-87f7-43d8-af2a-ee55bbdee989,,https://ilga.gov/Legislation/PublicActs/View/104-0114,14f707c5-eccd-444c-a69d-ddff0f853f07
0d6ca4fd-9ea5-44fe-88fe-0250b5a0d1de,,https://ilga.gov/Legislation/PublicActs/View/104-0305,5c22b848-28bd-4259-b0f6-1a691da1a31d
fb33b051-69ce-4645-8c3d-1e4d28d4bff8,,https://ilga.gov/Legislation/PublicActs/View/104-0050,b40e008a-df5b-46bb-8813-524780b42994
a2212269-afa7-4fc1-a03b-bdd509e188b0,,https://ilga.gov/Legislation/PublicActs/View/104-0388,ec7c4bca-ed17-4f85-9819-061b308e88b5
1d92c008-14b0-44b2-8f58-cda65b8b1822,,https://ilga.gov/Legislation/PublicActs/View/104-0380,d049d987-d371-45ff-ae7b-b81b5ff23716
0f3c2dee-462b-4a0c-872b-bce4a5763cf6,,https://ilga.gov/Legislation/PublicActs/View/104-0141,1362ed90-219a-46e7-b49c-68a7c2697f67
649e098e-be69-4a6e-a4fc-f91a6c59a9fd,,https://ilga.gov/Legislation/PublicActs/View/104-0398,13c137d5-6f79-43a0-8b1d-bb5689da0d2b
420f1468-d595-4dc6-a8aa-27214bdd6906,,https://ilga.gov/Legislation/PublicActs/View/104-0158,5dfb0a8c-f2b2-4ed2-badf-d0cc5986a44f
a7b8f40b-17fb-4bc3-a54e-ee45dbd29946,,https://ilga.gov/Legislation/PublicActs/View/104-0350,661b8eec-ded0-4c19-9a9e-d3e76a94f239
3fbc0ea1-21c3-483b-b1f6-814b30956d3c,,https://ilga.gov/Legislation/PublicActs/View/104-0260,127be239-8e2f-4adc-90d4-33ba747b5ed3
e8fcfca1-3d13-4088-8cb3-9ba87017726c,,https://ilga.gov/Legislation/PublicActs/View/104-0107,2825b8db-80c6-421e-97ae-133f8ae72fc5
3f9c51ef-f5b9-40e1-abd6-79320b34d784,,https://ilga.gov/Legislation/PublicActs/View/104-0411,002b3f6a-26e7-449a-95d0-d1d2711ebbfe
7dfc87fa-88fb-4758-96cb-6151cb771c43,,https://ilga.gov/Legislation/PublicActs/View/104-0373,d3d7e188-b432-4e19-8e81-418a240eb5d9
99517775-f013-48d2-aa74-5a3fbc2468fb,,https://ilga.gov/Legislation/PublicActs/View/104-0159,83482749-8836-48ef-a81a-fd3dde3982d0
24956681-1c77-4829-b337-cc854e7edbeb,,https://ilga.gov/Legislation/PublicActs/View/104-0292,099fc876-928c-42d7-8c0f-0deee6b8dc8a
7d257d62-5a49-4162-a9e6-768955693d26,,https://ilga.gov/Legislation/PublicActs/View/104-0315,ee1a7139-7875-4816-adcb-9c8721ed78a3
03f64507-a1f5-4e28-ba95-1984fd161052,,https://ilga.gov/Legislation/PublicActs/View/104-0199,603e8e7f-273f-4307-9cfd-4645f8498623
30d9c10f-9ea2-411e-803e-219e01d832a8,,https://ilga.gov/Legislation/PublicActs/View/104-0254,60f54557-b914-4c4f-9543-4aee5efb88a8
ae6d13e6-7432-48b7-a417-83063d65d772,,https://ilga.gov/Legislation/PublicActs/View/104-0281,9ca33709-9f74-4c4c-a94e-be8f6a919301
a564f559-1c73-4fda-93e6-ad32fea8f815,,https://ilga.gov/Legislation/PublicActs/View/104-0100,a762ffe3-8e70-4fbb-b1f1-01ec11c23100
489c95bb-e02f-4a6f-bb5e-bc3ae4b2d46f,,https://ilga.gov/Legislation/PublicActs/View/104-0300,a65f3e10-d40e-4cc7-b85e-63757f71c48b
e3483208-d648-4176-9b18-6929822448b7,,https://ilga.gov/Legislation/PublicActs/View/104-0306,a04d12cb-c1d4-487a-bab0-373ac6db2d4e
beac721c-b3aa-4b18-9af1-1af047154d57,,https://ilga.gov/Legislation/PublicActs/View/104-0148,520b6af8-ba8a-4f9a-a8e4-6dd1df0b120c
97d8ca8b-fede-4810-9905-1a813acd4005,,https://ilga.gov/Legislation/PublicActs/View/104-0164,b739aca2-116b-4cbd-adda-648c36c2588f
f5ee140c-c9bf-41f0-b7f5-39728e24ba8c,,https://ilga.gov/Legislation/PublicActs/View/104-0338,1cfc339f-f9db-4327-b646-f2805bd8d295
db76e62d-0bc4-4749-88a3-5c77647b496d,,https://ilga.gov/Legislation/PublicActs/View/104-0183,eb85d77a-8c69-43d4-bd5c-dbe4061eb76c
6fd38ce0-7fa1-4ebe-8d69-48577dc5744e,,https://ilga.gov/Legislation/PublicActs/View/104-0110,78986f19-cb9e-42ce-adc7-59014154aa5c
b92a5d55-1a0f-45e6-8624-9f1649206e1f,,https://ilga.gov/Legislation/PublicActs/View/104-0389,ef21434f-4514-46e9-a55d-8df7938eb501
c9411829-ed79-46ca-aab9-d049aadfd28b,,https://ilga.gov/Legislation/PublicActs/View/104-0295,5a910a3c-8c7f-4182-a5f1-95c1aa9c3eb0
46ea14c1-6c6a-45da-b26f-34ec5ee68bd0,,https://ilga.gov/Legislation/PublicActs/View/104-0021,814cfcf4-c805-4be4-98a8-f2a8fecb5ccb
b4cdb97a-a803-49a4-9a12-d766e9ff703d,,https://ilga.gov/Legislation/PublicActs/View/104-0034,f3e414ee-16b4-43ba-96f4-95e36e3e6a21
6b40ad77-4e55-41f5-8ef5-433dca4d1316,,https://ilga.gov/Legislation/PublicActs/View/104-0333,f4a3abc9-c457-4bd0-8fb9-5ef43f88dc29
0e424174-8d6b-4334-9a5a-7f35c43d42f1,,https://ilga.gov/Legislation/PublicActs/View/104-0010,0f0ad1f2-3696-4f18-a7f8-378153fc9a3c
ecdd7e84-d7ac-4945-aa1d-986ece8410b3,,https://ilga.gov/Legislation/PublicActs/View/104-0308,8b83d442-0461-479a-9976-1370238e25e7
e6a1e98e-e440-4843-b53d-aa6d6bee6033,,https://ilga.gov/Legislation/PublicActs/View/104-0355,c2aff147-96ff-42be-99fb-721be7011326
311d5f94-ebe7-45ce-9a38-90ebaa310bf8,,https://ilga.gov/Legislation/PublicActs/View/104-0255,4ae67624-969a-46d1-a342-35c1188887a1
9bb49c3e-0e89-47bd-89c2-bc3601a6145f,,https://ilga.gov/Legislation/PublicActs/View/104-0168,b127bbe8-1d84-4998-9fc8-23acdbad9aaf
ffc59da9-61ba-489f-aaae-08265821cfc5,,https://ilga.gov/Legislation/PublicActs/View/104-0169,5154c2b9-398d-441e-ae86-97281be63dcc
85d754a6-7c3f-45aa-ba04-e18f5853546f,,https://ilga.gov/Legislation/PublicActs/View/104-0382,33e1a29a-c9b4-4165-ba80-2f85196242f2
f90f353e-41d6-46f5-9bad-1e9573bd4438,,https://ilga.gov/Legislation/PublicActs/View/104-0060,038a2a38-ffcd-4cf8-84f7-0928047db5e1
e6e7d603-b102-4288-8056-c7a952257f98,,https://ilga.gov/Legislation/PublicActs/View/104-0335,f08fcc21-3c05-4ef7-8161-f057d35340ad
134c2d37-1a90-41a1-8e9f-c7308c40f113,,https://ilga.gov/Legislation/PublicActs/View/104-0339,33e2bfa3-cd43-47d7-b6f4-af180e3f3b83
49c5c991-5123-4476-b92d-408b2e77ea88,,https://ilga.gov/Legislation/PublicActs/View/104-0344,1044b232-e956-43ae-8dc2-67536c90214b
e0190ecc-8d39-4ee2-86dc-231538df82ae,,https://ilga.gov/Legislation/PublicActs/View/104-0331,6ed2d956-dfc1-4d2b-924b-a04f2d0c5f9d
8fe63fab-17c6-4245-9a76-1381081b3d8c,,https://ilga.gov/Legislation/PublicActs/View/104-0214,622915ff-56cf-408b-853f-96e0527a4864
06a013a9-d31b-4275-83d9-1468fae0129a,,https://ilga.gov/Legislation/PublicActs/View/104-0424,e138813b-b13f-4d99-834a-ac7bff925b83
f48451ce-6c44-4b44-a9b7-acd07139ad6a,,https://ilga.gov/Legislation/PublicActs/View/104-0294,c325ac55-f15d-4e17-b527-725c0c8f4305
7d670cb3-9400-4770-926b-ee3f2c1a933b,,https://ilga.gov/Legislation/PublicActs/View/104-0352,e9fdfeb3-a62f-4f85-88ad-24afa9864afb
5c5e1625-a5a3-4ac5-ba8c-1911fd88cf60,,https://ilga.gov/Legislation/PublicActs/View/104-0250,35232fcb-c1c7-4a43-98c4-55059693f353
983b8a7e-e53e-4e0f-b737-09a6796ef851,,https://ilga.gov/Legislation/PublicActs/View/104-0086,2361a677-6ef7-4276-be40-7dc131478ee2
f1fd7c30-e840-47b5-955b-c5c659dd2c91,,https://ilga.gov/Legislation/PublicActs/View/104-0366,8bff0f8d-34ac-4844-9fe6-c70bf727f115
6a0dab07-236c-4678-97c0-5d14543d2634,,https://ilga.gov/Legislation/PublicActs/View/104-0025,4055e427-2475-44f5-9a06-5c0e3a290388
d583ef8f-caf0-4ba5-8300-76b06d85c602,,https://ilga.gov/Legislation/PublicActs/View/104-0177,4048da56-56be-4f60-8c5e-ed4173a7e2db
438a697e-429e-47bf-97b9-022400f27e57,,https://ilga.gov/Legislation/PublicActs/View/104-0068,2e8d3713-f97e-432b-acbb-c7b540a5cd5e
1cf4b50b-1283-4bb9-8fba-9748ae1cede1,,https://ilga.gov/Legislation/PublicActs/View/104-0342,4c24df9c-72d7-4922-99bb-5aed8a7b8aae
c8984748-839c-451e-b07d-b15a7a9e085e,,https://ilga.gov/Legislation/PublicActs/View/104-0073,55bfb3c4-4924-4f6f-a634-4050b920746a
81ae0f82-97b9-445a-8325-9a6fba5b75eb,,https://ilga.gov/Legislation/PublicActs/View/104-0090,812076df-31d8-4ae8-bd44-5086c6c61aa9
ab8e2f30-bd70-4a90-a657-4a8c3617767a,,https://ilga.gov/Legislation/PublicActs/View/104-0130,c09879ab-5e7f-417c-a06e-e5667c94db4b
c5350358-fc10-48cc-b13a-c120425a4fc4,,https://ilga.gov/Legislation/PublicActs/View/104-0416,41224ebb-f472-4ac2-bc3d-315a9d237da6
18cb14a8-9243-4b53-a4c9-ed7d7d8bfa27,,https://ilga.gov/Legislation/PublicActs/View/104-0182,adcbad45-01f3-486a-8a00-59c042f46a34
609dd57e-815d-45bb-a84f-7ec60b517be9,,https://ilga.gov/Legislation/PublicActs/View/104-0218,cfb7cac7-d4ce-452e-b4f8-74ab5230ecdb
e56c4cb7-a694-481a-94fb-0b9670898ded,,https://ilga.gov/Legislation/PublicActs/View/104-0043,ea959804-8b43-48fa-b552-ae303f8735f4
e99bac0f-e118-411c-8ce3-af0632833771,,https://ilga.gov/Legislation/PublicActs/View/104-0099,95c8fa68-5351-482e-8b7a-f3823f19f590
68faf82a-3f77-43ea-8177-6620126d3ea1,,https://ilga.gov/Legislation/PublicActs/View/104-0039,e5d8c8bf-0158-43ab-ae91-06f9d6e8d19e
f9f4ec49-f438-4c29-aa40-64a9d95df5d2,,https://ilga.gov/Legislation/PublicActs/View/104-0310,b7e39f71-1dde-4696-9fb4-141bbaa72873
3a0944bb-653f-4000-be86-49a200a58db7,,https://ilga.gov/Legislation/PublicActs/View/104-0286,2c2c768b-12ae-40ad-9443-87b0b531eff5
e948cb17-19ec-48ba-a289-e6ff561d951d,,https://ilga.gov/Legislation/PublicActs/View/104-0299,943bc068-e617-4e42-b9d9-1f4b678cb134
271446db-b506-49c1-a06e-25c5dbe0f090,,https://ilga.gov/Legislation/PublicActs/View/104-0258,df18fbfd-04d9-42cc-a83a-59ba3b3be0a6
072869bc-01f2-4067-826c-422b57ed1b1b,,https://ilga.gov/Legislation/BillStatus/FullText?LegDocId=200461&DocName=10400HB2682gms&DocNum=2682&DocTypeID=HB&LegID=160674&GAID=18&SessionID=114&SpecSess=&Session=,459b19bc-32a3-49cd-988f-f950a3bba781
3bb9cfe7-8656-4b1e-ac88-8dba2d2b5883,,https://ilga.gov/Legislation/PublicActs/View/104-0259,21acbd42-6b4b-42b7-9574-cfa1fce7dc57
030c4e18-c43e-4049-a96a-4771fe1ae34e,,https://ilga.gov/Legislation/PublicActs/View/104-0022,a0b6287b-4254-42fc-a6d8-debabc8d5fe5
8f2c60ac-911d-4a2d-bb5e-f4c2232fd250,,https://ilga.gov/Legislation/PublicActs/View/104-0161,c18c0cde-1106-45c4-af7d-9a32af8425fd
4ae9f174-0f2a-40d4-86d1-87781f3c662b,,https://ilga.gov/Legislation/PublicActs/View/104-0364,9b8998de-123b-4565-af41-c1de93163a0a
74e6f550-3d4e-4cbe-8df1-f67f5d56b7a4,,https://ilga.gov/Legislation/PublicActs/View/104-0228,d007a942-7b0b-4870-8910-8a7e80fcb494
66d69e46-b3eb-4f7f-9a73-6232cc8303f7,,https://ilga.gov/Legislation/PublicActs/View/104-0417,88abf1c0-d904-4fbc-9aaa-40c52ac2de90
b9fb9128-2bf8-4e9a-9a27-31ea58d78dc4,,https://ilga.gov/Legislation/PublicActs/View/104-0116,92bb1700-d7eb-49f8-875f-0e527a7e6d7a
512a9efe-ac1c-4618-9469-bf8ea83ba2aa,,https://ilga.gov/Legislation/PublicActs/View/104-0105,ac1ed25e-c4a7-447e-a7a7-cd95441d31ec
44a4450d-5b4a-4d4f-be91-4925614e7035,,https://ilga.gov/Legislation/PublicActs/View/104-0223,a95c12d3-2fd6-45d0-872b-242e321c2f7e
4799058f-fed0-485c-8015-365c13a1ef65,,https://ilga.gov/Legislation/PublicActs/View/104-0291,3942c343-6cea-4716-ab33-dc422dc91400
5e87f60b-83f9-45d2-bb25-43f4cd9fd587,,https://ilga.gov/Legislation/PublicActs/View/104-0232,4794de2e-49d7-4736-bb58-beacaf183a3a
64917d48-bcdf-40e9-adb7-52c8963368b5,,https://ilga.gov/Legislation/PublicActs/View/104-0289,4d8bab4d-62d6-42e6-979b-18b371d2dd0e
dee65f6d-a625-4c02-ba71-2d77fde8e769,,https://ilga.gov/Legislation/PublicActs/View/104-0162,48912d6c-0849-4d0d-958e-217f87f7b5af
4fa7c94e-6cec-4fac-bbb6-371e8a6b071b,,https://ilga.gov/Legislation/PublicActs/View/104-0347,ac985390-f014-40c8-b194-da5a6f16ab5c
dbf24250-a212-4c4c-b9c2-70781f0e3a0e,,https://ilga.gov/Legislation/PublicActs/View/104-0217,ccf77e09-5ec2-4af3-9e14-33336115c5b9
8adcd778-2d11-4253-a768-69b8f38717b5,,https://ilga.gov/Legislation/PublicActs/View/104-0393,62f49147-7695-41e0-acdf-c3793306493f
2941862d-b496-4083-bdfa-0e1e059393ac,,https://ilga.gov/Legislation/PublicActs/View/104-0369,0054907f-af86-42ea-a704-af00574eac72
8b834ca5-3f6a-4ae2-9408-af788865490f,,https://ilga.gov/Legislation/PublicActs/View/104-0112,1f686518-afd8-48cb-adc6-1944340f6947
38a329c8-1fa6-4985-a9ca-f51bb7dac1d5,,https://ilga.gov/Legislation/PublicActs/View/104-0120,de43ebb1-3f2f-4c68-8855-b818634c108d
4de5fd1b-2aac-4c18-b9e2-624f3a0fee80,,https://ilga.gov/Legislation/PublicActs/View/104-0051,169ce591-5c1d-4a6a-89ca-e10b94d594c3
b58fd2ca-9800-4297-b681-c4b2d9c2d722,,https://ilga.gov/Legislation/PublicActs/View/104-0058,c2a7a299-e4dc-46a0-892e-b2379e3fd01f
1a1777f8-d224-4771-919b-c6f33e6a4608,,https://ilga.gov/Legislation/PublicActs/View/104-0056,677c7767-cfb2-40f2-b511-4790d50dbc64
141530e5-3919-427e-b3de-5683927f1f8a,,https://ilga.gov/Legislation/PublicActs/View/104-0418,35c352e2-2538-4eed-a934-68bb407101c2
ef4ad773-91bf-4504-9b30-005bc737b8a9,,https://ilga.gov/Legislation/PublicActs/View/104-0256,9114fef6-de13-4c3e-8325-305960c9c613
ab32fe7f-c8fc-4937-8263-f5af9178bc94,,https://ilga.gov/Legislation/PublicActs/View/104-0298,09343bb7-8440-4676-ab3a-6e4e9807bf41
3000c1b0-02e5-4dbb-9163-b9acbb534b6c,,https://ilga.gov/Legislation/PublicActs/View/104-0096,6be79134-1360-4d2a-adb6-b099b5d574ea
a709f965-74d3-4561-8167-5644c34a5cb2,,https://ilga.gov/Legislation/PublicActs/View/104-0409,a6cd3288-492b-40f7-a111-aadecac85476
2e6036e4-c82c-4016-9f5c-7cd32b825891,,https://ilga.gov/Legislation/PublicActs/View/104-0165,354241f0-595e-49ee-89c1-7d1ca72a5bca
09964c83-6200-47ac-8c87-57732589680a,,https://ilga.gov/Legislation/PublicActs/View/104-0262,ab267c49-cd66-4fa9-82e2-72fe5c6be359
ac8cfcb5-3f74-4f51-9ea8-3426e1dd4108,,https://ilga.gov/Legislation/PublicActs/View/104-0245,cf08df51-0c7a-439b-86b6-5b96a42d95c4
a7cd4851-e556-4990-b0f1-d20bd8071618,,https://ilga.gov/Legislation/PublicActs/View/104-0320,5761a48c-e7b0-44c4-a608-7ebb6bbefb94
1cbd2202-2e36-4e0d-8fd1-92083f727625,,https://ilga.gov/Legislation/PublicActs/View/104-0147,cd10c088-01ad-4b67-8cb4-f9dfbc3af9c5
5d56ef60-d96f-4094-96ae-07478d12fefd,,https://ilga.gov/Legislation/PublicActs/View/104-0013,95429d7d-9e3c-4f5f-a872-06b0d641ac11
03c2d832-67ca-4f0b-aa3a-bcaf982ca7dd,,https://ilga.gov/Legislation/PublicActs/View/104-0095,d3febac9-4c7b-4ad7-90d2-fd418bb5838a
d0b8e1df-e45f-4a1a-849b-aaa2d4e2d0f2,,https://ilga.gov/Legislation/PublicActs/View/104-0231,2b305842-9c4c-4cbc-9a33-b798cd2235cf
9641d3a6-6ba0-410f-874d-8812b44ea7ac,,https://ilga.gov/Legislation/PublicActs/View/104-0224,7b74b5a3-a868-4bd7-90b9-017829ada794
16252abc-2055-490b-a196-7a67c175c5e6,,https://ilga.gov/Legislation/PublicActs/View/104-0136,15d76786-11cb-4ed3-8f0b-c70a806a22e2
291dfdf7-ad16-4741-a678-122d425805df,,https://ilga.gov/Legislation/PublicActs/View/104-0140,3f3ae5f4-f121-481b-9350-5482a581bd49
202d31ad-083c-4711-ade8-b1560898c5c5,,https://ilga.gov/Legislation/PublicActs/View/104-0270,02c50561-274c-4040-ad9a-d40ee397a989
34f2821a-68d7-41eb-b1d1-b2b57f163850,,https://ilga.gov/Legislation/PublicActs/View/104-0269,ce8586cf-0b71-4564-8055-c8eb53a09590
9e48df2c-7d91-41d3-839d-34fea81dc7c6,,https://ilga.gov/Legislation/PublicActs/View/104-0283,0f60c4f4-6a9e-4e62-b733-435adaf58763
834f18ba-a901-4819-ae92-2d1d2fb02059,,https://ilga.gov/Legislation/PublicActs/View/104-0405,6819adad-6d4c-4537-9010-2e4bd828fdb7
fd001b04-7b2b-48b7-a704-9469ee57cb17,,https://ilga.gov/Legislation/PublicActs/View/104-0057,2c161dcb-2b02-4b55-9c4f-e8363a4c8789
a74ea9c7-23e1-4b40-b272-e7631191b086,,https://ilga.gov/Legislation/PublicActs/View/104-0275,61ee719a-5958-4138-a5fb-70cf4f758005
221946fb-9630-4350-892b-73172fbe3d94,,https://ilga.gov/Legislation/PublicActs/View/104-0036,b10eef37-5e3b-4994-a491-50dcdbb60f8a
e803f285-1955-4079-8369-3c153e13d9f1,,https://ilga.gov/Legislation/PublicActs/View/104-0196,bfee1f36-46fa-46ed-b80e-65ac77a00c04
412f370f-4283-4a44-96b7-1fc9b14d709a,,https://ilga.gov/Legislation/PublicActs/View/104-0145,33196783-89ff-41e2-90af-15d2e27476be
be46f957-6314-4e5d-a8e5-83594ff8a8a7,,https://ilga.gov/Legislation/PublicActs/View/104-0307,d4237d96-0ae0-40a4-bf74-33f382a37d64
2baa7d29-ef58-4524-b2d8-9769276b8a9c,,https://ilga.gov/Legislation/PublicActs/View/104-0200,30a7e11f-22cd-428b-844c-0f56b0df4579
99c31f62-a2e4-4456-b259-c7201ef57e3d,,https://ilga.gov/Legislation/PublicActs/View/104-0288,530232bf-010b-4561-9d36-5f1c11793f7d
aed8d563-fad8-4592-b744-9a1989c4247a,,https://ilga.gov/Legislation/PublicActs/View/104-0385,581a9ad6-1f91-4de9-b08d-91a446912b8a
1aab006d-70af-47e5-b9a0-c97f1472c874,,https://ilga.gov/Legislation/PublicActs/View/104-0132,6290eb82-cfa4-4cab-80b6-a6e1337d4502
d5d0bc7d-ebdd-4bf9-964a-66dc103f0943,,https://ilga.gov/Legislation/PublicActs/View/104-0189,79c49385-30fd-4099-befb-f09e2719c5ad
87ddc6f7-12cf-4e86-8907-9fcfb88bded6,,https://ilga.gov/Legislation/PublicActs/View/104-0181,b239da85-3761-4252-91e7-e1cae600ce1b
e93a9704-298f-417c-b5bd-910dc534ce15,,https://ilga.gov/Legislation/PublicActs/View/104-0151,1997e4f1-b3b4-42ad-9579-177935eb799a
1324ffa2-f7be-4fa8-ae2a-91ea675168e6,,https://ilga.gov/Legislation/PublicActs/View/104-0349,78d14b8b-87d2-43f5-8293-2e04f4f65562
d844aab9-15a0-4913-90ed-f42d449502aa,,https://ilga.gov/Legislation/PublicActs/View/104-0432,4d495766-91ea-44dd-9258-7e59276936d6
e4d7f4bf-3f95-4624-82e2-f56dc2e54a3f,,https://ilga.gov/Legislation/PublicActs/View/104-0253,259a2d88-843d-4513-a7c1-d1fc86e40792
d9872f63-7df5-48bf-a948-018e9c181690,,https://ilga.gov/Legislation/PublicActs/View/104-0264,b036a860-e97b-46a3-8581-2a679d749253
