id,bill_id,note,date,classification,extras
6498e167-2dcf-4999-82a0-bbb2c912617a,ocd-bill/315c3cd1-fd73-44c1-aeb2-2041095795f5,Public Act,,,{}
b100e8ee-eada-4874-8e0a-325dc8624300,ocd-bill/99f335f6-4ce1-46bd-9e3e-4095151752af,Public Act,,,{}
2761b608-aeeb-4e73-b294-37e7f4eb1a0f,ocd-bill/0a502989-bcaf-4e96-a19f-509314d975be,Public Act,,,{}
5fbf0456-23f8-48fc-ade9-976a2a71cdf2,ocd-bill/6be183d7-5d16-4b38-9247-7c021f01d6ec,Public Act,,,{}
ed15479b-3cf3-4c86-a189-e961c2ffe604,ocd-bill/c17f2fa8-b1f4-4c10-acee-506317c793e6,Public Act,,,{}
796220b8-ce75-4d5b-8568-1cd8d71ffb5a,ocd-bill/865c72f6-6eb5-463a-8b10-98a9e45c1360,Public Act,,,{}
6e732f64-79ab-409b-8ebc-ca00627baf1f,ocd-bill/e0aa6457-1f56-4eeb-ab8b-50c0eb5724aa,Public Act,,,{}
a91e50f7-767f-4d80-87b1-5f609c684c59,ocd-bill/d4491db9-6867-4d28-9503-f6768760ac5e,Public Act,,,{}
04c6b4fe-fe75-4b9f-90c9-540bcc91d8e8,ocd-bill/733601c1-a10c-43dd-a347-51d77652bb18,Public Act,,,{}
da71b41e-1b7b-41b9-9bb1-436d47e9b669,ocd-bill/d5ae930f-b9e3-4529-9206-0c3b1da29309,Public Act,,,{}
47a9f5a1-b446-4395-a4e5-e2089bc437c5,ocd-bill/170e4abf-7880-4acb-810c-7414ce537aa0,Public Act,,,{}
687212a8-c3be-4439-9cd7-f11d72b3073f,ocd-bill/8819d976-11b8-48f9-a15c-076f0298b349,Public Act,,,{}
c24cb307-f5f2-4ed2-8266-4846b6a10a76,ocd-bill/ddc54aed-6e6d-4094-8079-f89acb3fe660,Public Act,,,{}
4dce0d4f-72a9-4033-9861-f4ae9781ef9b,ocd-bill/57505e5f-24a7-4d5f-8747-5aaaa5d4f4f8,Public Act,,,{}
7dae43a0-2bcd-4b97-8c3f-3a29d6e0fbf5,ocd-bill/c9a5085e-a3f6-476e-b471-21fb61e83a5a,Public Act,,,{}
ca01fd62-f76a-4611-a9dc-9d1e10d8ccae,ocd-bill/715c06ff-4064-41ea-83b9-86f45a10eaae,Public Act,,,{}
c59435a5-6243-4120-b9fd-5834bde8a3bf,ocd-bill/c923c0f4-ca07-4d35-bdb2-e4d4b4bc6444,Public Act,,,{}
2ca58d47-0f51-4cbc-826e-2382412fe65b,ocd-bill/95ec692f-f395-49f0-9c65-b10e842e988f,Public Act,,,{}
0ac773e0-4164-4988-8e6f-ab7761945d47,ocd-bill/41cb04fd-d282-4cda-b4dc-73a48fa4c42c,Public Act,,,{}
7e51d14d-866b-4e1e-8b41-4e92d64ccd62,ocd-bill/41cb04fd-d282-4cda-b4dc-73a48fa4c42c,Governor's Message,,,{}
c08642a7-4449-4098-9d06-49c7b9bc890d,ocd-bill/2d13a3d5-4983-4214-9941-e014b1490677,Public Act,,,{}
87051476-ba7f-4e6f-8b72-53d6b04766c4,ocd-bill/b5a8843c-78fa-41e3-841c-f4854723ecc4,Public Act,,,{}
396a0fe6-b2c0-47a8-bf65-fbdbb3ff926d,ocd-bill/ef26e740-7db8-4664-ac6f-bba893a3b10e,Public Act,,,{}
91ae6e9f-58e6-4f81-9f5b-28b5388ebcce,ocd-bill/558c76b5-bd62-45f7-8b5a-3747cd1efe5c,Public Act,,,{}
37873ca4-2976-4004-aa6a-394edd1509ca,ocd-bill/9dce2b5f-2d3e-46c7-843f-c9ba9a544fac,Public Act,,,{}
e060b593-892c-46fb-84a4-7ac06fe9eb22,ocd-bill/09f5b1ea-4962-47ed-afb9-ab586a44f3b2,Public Act,,,{}
ec5c7f50-410a-4a9b-9c36-e24c27973937,ocd-bill/7b1a135d-6258-43c3-9bfe-3039d638e139,Public Act,,,{}
515f7e91-b2ab-4923-849d-a0188ae90fb6,ocd-bill/e5853d7c-3588-4870-bb97-955cd5f34480,Public Act,,,{}
ad14fe1a-8762-4299-9ca4-f5c794c1092e,ocd-bill/9418770b-7443-4d2b-ae81-815f6ab57620,Public Act,,,{}
c00e6773-7b1d-4b1a-9df7-3c3d8ea9d292,ocd-bill/d624bed0-ce43-45be-9b01-ac4a611caf53,Public Act,,,{}
c629434f-4454-4ebb-8433-4058eaa4c0e4,ocd-bill/2f10f6a8-fc75-4edb-81dd-563414083cab,Public Act,,,{}
de0faf84-cd4f-48ed-9de8-f046f01a747e,ocd-bill/1d9d7a73-f06c-4d7b-bd86-f613166aa727,Public Act,,,{}
f937cca6-7815-4283-91aa-e0f98e5882d7,ocd-bill/b2a5889c-461f-4ea2-bf05-695b3707c094,Public Act,,,{}
e22c29fd-4bf1-4de1-b43f-63e5bfd7e2a7,ocd-bill/9d88b6b2-c846-465f-b467-466c6bd80f4d,Public Act,,,{}
e87058be-a7d5-4ddb-a180-71d76b7b8b42,ocd-bill/d5a40206-1c35-4ca0-a287-6849a7da35ea,Public Act,,,{}
fd606881-7c23-4d20-89fc-040e6e593d6d,ocd-bill/cad2ff5c-e406-4f92-8db0-75134e969bcb,Public Act,,,{}
2689d616-6863-4b7c-9667-33ab5831436d,ocd-bill/455d98a1-00f7-4183-ad18-a686a502826e,Public Act,,,{}
b8f141f8-6dba-494c-bfbb-dd5df9d7c5ae,ocd-bill/5a4c7c30-8eb7-4ff2-a20a-433d7cc84cfd,Public Act,,,{}
117c7cf2-b6e9-4b36-95fa-b1bdd60b68d0,ocd-bill/c964e363-677b-43ab-b624-47a47f575c54,Public Act,,,{}
5595c37e-d9df-4e7f-937c-c0801bcdcc16,ocd-bill/7477a406-658b-4db4-901d-785307270e36,Public Act,,,{}
4a4d7b8e-3d73-4e6a-9f03-7f1e53fedaba,ocd-bill/9c2d4495-634a-4451-81c9-cdc148aaec26,Public Act,,,{}
4ffac43f-3481-4bba-b6e1-a8d4a9c8cf0b,ocd-bill/526b1c24-812c-4482-adad-4fe78e6e07a7,Public Act,,,{}
f96940ba-ed64-4e8e-99fc-e8cfc2c08fa6,ocd-bill/ac7f40eb-fcd7-4464-a153-b224bad47693,Public Act,,,{}
b494beeb-74dc-4ed8-baea-69501b9386a0,ocd-bill/8f2b0e07-e468-4424-bac0-feef0fa2be00,Public Act,,,{}
afbbee3f-e05d-4771-9bbc-b303257f4e8f,ocd-bill/f5b25c86-9744-4ca6-b6cb-4f385ec336d0,Public Act,,,{}
abbbccf7-6405-4ce0-966d-76492ce36c72,ocd-bill/60bbedaf-3c5b-4588-bac2-ab67e0383d3c,Public Act,,,{}
39856cd4-f17c-45fe-bfaf-58d12705e624,ocd-bill/48653f9b-dac0-4459-9372-a2f981a9b117,Public Act,,,{}
e0dff9df-f40a-423f-9130-de5ca31eb1df,ocd-bill/778a3168-e5e6-48c4-be44-b41c831ecc79,Public Act,,,{}
848a68bc-9852-4ce1-ad25-5fd505a3b740,ocd-bill/e6410d89-4390-4d2d-9c03-c5bcc7c0ebd6,Public Act,,,{}
30555308-987a-45a9-937e-9b56cb4e8c85,ocd-bill/850c8d24-5d6c-4ff7-a9b8-623f73aedadc,Public Act,,,{}
7bbf2670-5a83-46a4-a3e4-857cc111f766,ocd-bill/b580f166-919b-43c3-b326-c8a483eac0ec,Public Act,,,{}
8e8591ca-01ab-4700-9bba-f7cef53edc43,ocd-bill/37f19de2-e466-442f-921a-1ae36d75f4a4,Public Act,,,{}
b74edb08-1ead-4c0c-a498-944437f04e76,ocd-bill/e19a86a3-7519-4cc1-8e9c-768218e07f8f,Public Act,,,{}
3787d62a-6140-478d-a103-d314458f0634,ocd-bill/87b95083-bf5a-4765-a6a9-7d3b86e8f294,Public Act,,,{}
9fefb824-a2ed-4584-9b41-8e4b433a0188,ocd-bill/28faf90d-e7c5-43f3-9730-7a6706f0234a,Public Act,,,{}
9aed3191-529f-4073-ab4c-53ea2cce13b1,ocd-bill/ba26be31-a711-4b1c-a57a-c2403156fc28,Public Act,,,{}
4880f976-5f84-4605-a385-aad945132db5,ocd-bill/9f5d314f-d84d-44c2-bb11-c4e613fe35a4,Public Act,,,{}
2581aec3-c4ac-4286-865f-028b2a300243,ocd-bill/29421e2e-ab19-4d2b-abc9-b909ff87c337,Public Act,,,{}
267095c7-8527-456d-9af2-2e0f06d2fb40,ocd-bill/7db62777-a2e7-4a76-ae6b-29bc222e69b9,Public Act,,,{}
8c02c3eb-f586-45bc-af25-cc06461aeecf,ocd-bill/2c1122ee-dd74-4a8a-9c70-50ced100e2fe,Public Act,,,{}
2b654d85-73fa-4c6d-a0f0-750b6246911c,ocd-bill/4ddb5e55-85bd-4be4-b173-af4ec73d111c,Public Act,,,{}
0b5d1846-0b79-4879-ac30-45d9d662f506,ocd-bill/2a783edc-6f99-41e9-b271-67ea60c25084,Public Act,,,{}
3bc4b7f8-4e7b-4d52-9e69-d3fdffb0e5be,ocd-bill/365112fb-7563-417c-a5cd-fb02b8e60c14,Public Act,,,{}
257f540e-0f15-4925-95a6-e9e652de07fa,ocd-bill/8d3b5403-cde6-4ac2-b236-07c42adcfabc,Public Act,,,{}
1bbe5fe1-1636-45d5-a68c-f084c56f9ec5,ocd-bill/6b5a36d4-16b6-4e68-a5dd-602baf8a7b9f,Public Act,,,{}
7faa4320-d786-4266-af46-3ba229bc3813,ocd-bill/1b4f2bd6-a60e-4187-8cae-7fa3a95cdf6b,Public Act,,,{}
b6ece2ab-e700-4590-800f-66310b5fbc16,ocd-bill/c081aa01-9827-4a45-8eed-99ae3b28c2c5,Public Act,,,{}
26420ded-ee68-40cf-b4ef-e8d2855decd6,ocd-bill/f4daf248-db35-4f87-a51a-1ea3106267d2,Public Act,,,{}
6f53ccbf-22da-4c08-b8ea-f4f2c2004acb,ocd-bill/9b9a0ad2-04ae-41e0-bd03-610b613830a3,Public Act,,,{}
79fd2116-a79b-4e51-b1cd-77e8df3cbe8f,ocd-bill/572c8387-9cb6-45d4-9899-c536db7880d1,Public Act,,,{}
f4f34c25-e54f-42bb-96d5-5f683dbb1de3,ocd-bill/07c2fb09-57d7-4206-8261-a58716127e5d,Public Act,,,{}
c2ec5a9f-abe5-457b-9e56-66bd7edb8df2,ocd-bill/9b697791-e211-46ca-87f5-d00e1da4f896,Public Act,,,{}
0de750ff-ad90-4b19-a4df-b28302bb0d4b,ocd-bill/5756280c-15c7-4641-9676-8dfc7423f3ea,Public Act,,,{}
edebdc0b-3425-48a0-89d8-0a5672823b4e,ocd-bill/cb9f4026-6cd4-44b6-8fc1-690d1760506d,Public Act,,,{}
40ca57a0-6255-4c27-b1ae-930cd94a6502,ocd-bill/3ec2e85c-3578-4567-8660-4fb60f6f0ecc,Public Act,,,{}
14ee17b6-f8a7-4377-add4-3eccfe7840b5,ocd-bill/097531a6-6b71-4020-a04e-9ebbbea46ea2,Public Act,,,{}
afec8f29-e22a-4892-9ac1-e1f458183b23,ocd-bill/2c9c0286-700b-416c-b8af-ab5368d762d0,Public Act,,,{}
9db89c91-4567-4322-abbf-e0ba63663bb5,ocd-bill/22ab1fcf-37ee-4e38-9d71-160c0b080c15,Public Act,,,{}
762a9f2b-cf27-4a30-b56b-16f57f2d2fa4,ocd-bill/ce211d1f-3299-4d73-8317-2b69366cddfa,Public Act,,,{}
f6ac7ab9-13a9-4612-ad6d-c1367ac3e99f,ocd-bill/09df7e14-6886-4867-b880-2f1d77873911,Public Act,,,{}
8c40dc7d-7e1a-4386-b9d9-81a4713b7943,ocd-bill/1a4bebf7-f149-4996-a706-b9449bb84e4e,Public Act,,,{}
20670460-5ca6-450e-9e90-b6198a958225,ocd-bill/2a06354d-9b67-4790-b87b-783d9b0adfce,Public Act,,,{}
d9ef4a68-bb16-4233-907b-3f3bda677986,ocd-bill/109dab67-670c-408d-b3c5-16c8c5c8e10d,Public Act,,,{}
cb9f45f1-c6a7-4068-ab1f-b3fb3c684533,ocd-bill/0cb5c8da-28d7-4bb5-9e70-24d720d8e3f4,Public Act,,,{}
2968b31c-f66c-4ae0-90f7-e4ed8bf98c63,ocd-bill/e9d77e1f-4323-4ddf-a527-c5281ddf98ae,Public Act,,,{}
58506d94-7478-436c-9489-c33103834176,ocd-bill/db3049fa-6d34-455e-924c-95017bca61fa,Public Act,,,{}
41d88a7d-e992-4963-951f-2864293935eb,ocd-bill/eb5cc925-6023-409e-9357-2378653c2138,Public Act,,,{}
2b0c7a6d-8018-44c2-9f68-ba68a45957e9,ocd-bill/923efe05-d69c-4727-9ccc-f86339fb5cc2,Public Act,,,{}
2a35d9fe-abd6-4215-9cb8-92d86e6d8223,ocd-bill/4e646e40-abbc-4763-bd6a-cf55b869318e,Public Act,,,{}
6b989d8e-bc15-4f65-a3e2-ca81516c26d5,ocd-bill/fb77b5ef-57a9-464f-8255-0601513d0246,Public Act,,,{}
3e14697a-ff0f-4842-82f6-459413bb5269,ocd-bill/2b3c746b-395d-4eed-b41b-d4a6fc6ff107,Public Act,,,{}
cdfdd64d-ba92-4d0f-86e9-bedcc321673e,ocd-bill/017a9e7f-1275-4fcb-95ee-d357f5c86241,Public Act,,,{}
bc0bc53d-1bfa-44cb-b1eb-02be6040a900,ocd-bill/10bccea7-2c24-480b-b34f-35fac6f34d70,Public Act,,,{}
0cfc2c15-e4cf-439a-a827-efd9156f7a66,ocd-bill/ac318fa9-b48e-4ac1-abb0-8aaf2c78e605,Public Act,,,{}
d67ebbe0-98fa-4b3b-8c13-fd6e63297a22,ocd-bill/5d8063c8-4aae-49b8-b30c-d15f78f1211b,Public Act,,,{}
7cc239bc-9c55-419e-96b0-2062773c1171,ocd-bill/a065f35e-cf05-4cb4-8054-ffd0ee213c4f,Public Act,,,{}
2f420c5b-0d99-4eed-af2b-36892d3bb3f2,ocd-bill/39683d4d-bfab-4e2d-b2e8-d73b9f73259d,Public Act,,,{}
4e97f964-ff7c-40a0-8871-b796eb6823c3,ocd-bill/8080d7e1-d042-4d1e-b4ef-3ae12f3312db,Public Act,,,{}
69055336-b3ab-4a70-afc5-8154c9246d8e,ocd-bill/86fa0a30-65be-4c01-908d-405fcb9fa294,Public Act,,,{}
14465e78-e184-449d-9c1e-d56395049985,ocd-bill/1784d026-ad1d-4d4d-909d-56fd4117177e,Public Act,,,{}
c1fe1b1f-0840-4982-85dd-2435ca456516,ocd-bill/e6b1627f-1668-4ec0-805f-8180aa705803,Public Act,,,{}
c2fc9860-706a-4492-afb1-eb789d837e45,ocd-bill/bfda43d4-7809-414a-a993-849a1502626b,Public Act,,,{}
863a5369-d390-408e-9314-e0d77ba5dc65,ocd-bill/9cef7c09-13d1-4471-b98e-368549bd1955,Public Act,,,{}
95e606ab-3d55-4e4a-9162-67de0c47a7a1,ocd-bill/0653cc96-23d7-4284-a461-cac5dac49575,Public Act,,,{}
17578776-e39c-40a8-9a02-6256b7530b80,ocd-bill/f2dceded-6d72-4cc4-8a74-8929316edbdc,Public Act,,,{}
efedc04f-05c6-4b53-a3c4-943adc17e2ff,ocd-bill/764f3600-0ce5-4280-9def-a0e62f059bbc,Public Act,,,{}
50493b22-8772-41b8-a2e2-f7fc8e94a2c2,ocd-bill/8fd98a45-01bf-45cb-b34d-d8059e06017e,Public Act,,,{}
5c403187-d0d1-4a15-b8b5-15a24222a6b4,ocd-bill/6bbc62db-0cba-4620-98df-ce117331e47c,Public Act,,,{}
811512c9-b71b-43b3-9341-dd44d4012b67,ocd-bill/b1a783a9-f973-4c6a-ad39-f93b79ca7c98,Public Act,,,{}
0419fcb2-7bf7-4c22-abb3-2958b9331c12,ocd-bill/df8344e9-ef29-450c-991c-f6483c9a2688,Public Act,,,{}
e17153bd-3cad-4631-bbe1-02271051333c,ocd-bill/262dd883-4cff-461a-87c2-270c03c0bfac,Public Act,,,{}
7b8d5126-6759-4d45-a1b4-33e415c603d6,ocd-bill/e65d343c-d875-4615-bf12-d01f93c2e2a8,Public Act,,,{}
159fdc9a-0ba2-4d86-9076-73867f33a877,ocd-bill/238245a5-d995-4e1d-81e8-64be713797e5,Public Act,,,{}
641281c7-21e8-480d-9a5b-9c0e01fb3df5,ocd-bill/a019ea8e-d4f1-4a93-a9f6-3ead7ecfa7f2,Public Act,,,{}
10347dae-4fc9-4483-aea2-02dcab894f96,ocd-bill/3d5025d6-fd64-4a26-a479-8c8a1afc3a46,Public Act,,,{}
bd87a5f9-a7ae-405c-9a57-045053744b74,ocd-bill/cf418d3d-68da-4efc-b460-223bbe70edb9,Public Act,,,{}
93819a7d-7e50-433f-b3c2-a9ed53cb6348,ocd-bill/643a3b07-7b9c-4e98-96a1-fb4f6466eafb,Public Act,,,{}
6cf5e6ef-2a70-43da-be08-9b7725e6e029,ocd-bill/a5ed2742-9c3e-401a-b956-5d5ae3c1e4aa,Public Act,,,{}
5e5e97dd-3f33-4dc0-bb7d-529a07649d4e,ocd-bill/753d7db7-1c3b-4d55-a331-75385eda40b6,Public Act,,,{}
d2e447ee-00c0-4ee0-98f8-6f82d1188366,ocd-bill/9c576630-341a-430d-aa56-a500d076771c,Public Act,,,{}
ac6f3887-f5ac-4672-b40c-4fd691438746,ocd-bill/d2c6e2a2-f8dc-4b39-9d23-be06eeee5079,Public Act,,,{}
ea6d7053-735e-4371-a2aa-1aff06b1b7ca,ocd-bill/083b112f-985c-4037-8cb9-21b01a006e45,Public Act,,,{}
2bec78d1-26e3-4611-ba66-1e3771992fd7,ocd-bill/4b504737-03eb-48f4-89e4-a5c4173cc76b,Public Act,,,{}
f33da55f-a1fe-489d-8d66-3735763376a4,ocd-bill/7ab8f64f-7f54-49b6-87cd-acc8aa4826e8,Public Act,,,{}
87a198cb-943a-4e63-9553-7f4197035570,ocd-bill/d419991b-5a1c-4c43-aad0-88b558927077,Public Act,,,{}
b4152fc4-ba3b-453f-a3a2-19c673320046,ocd-bill/cf0fb722-f97c-4f8b-b16e-a4b758e618dd,Public Act,,,{}
a517906c-adc9-4d9e-962a-539c75dc6c95,ocd-bill/90f6842f-bb35-4fa2-b5ef-34f86a40045d,Public Act,,,{}
4b7587e7-c5f8-4119-89ca-a9798193dbf4,ocd-bill/55bad926-8b04-4075-9eb0-256537f8a34c,Public Act,,,{}
9bde42f0-0ef0-412c-87c4-e3bceaf9cde8,ocd-bill/1b914da6-2dae-401e-8b23-41d07da17b59,Public Act,,,{}
f21a1e9f-716f-42bf-8d27-96d40a4da24a,ocd-bill/7b1004da-eaa1-4c76-9e23-32890d88cf96,Public Act,,,{}
9fcd5980-2b5b-420d-b97b-41850fc6b00f,ocd-bill/07af937a-f92c-434a-9a73-0cc40ebc8b61,Public Act,,,{}
a0c41619-6074-41b7-a6ec-d6efb9d2913a,ocd-bill/16708760-5126-447e-add5-b64963a601ba,Public Act,,,{}
cdabef06-4200-4dc9-97f7-bd1b9475fbb6,ocd-bill/b3fa33fe-c561-42d3-a63d-66a99dd177f1,Public Act,,,{}
e5bdfdf4-3312-448e-971c-9fae9b88dc22,ocd-bill/544b2c5d-5339-4256-9592-d2ba48a488a4,Public Act,,,{}
5f9a9412-b9e4-4355-a492-b83375196eed,ocd-bill/5b269845-3aa7-45c9-a6e3-160a35450bf5,Public Act,,,{}
795b0220-df2c-4bc9-bdff-1d7649539771,ocd-bill/4664e986-6a9f-4a0e-aa13-28f38e9831e2,Public Act,,,{}
d1059c33-48dc-4bff-9627-e4f53f13772f,ocd-bill/3628bf64-8f12-41d2-b8fb-59aac043e1f0,Public Act,,,{}
d7e428a3-cbe0-407a-9ebb-a861fe264922,ocd-bill/093c1bc5-b813-445d-978c-d5b57baf79ae,Public Act,,,{}
b17a4588-1f3c-46a5-b3c3-d89cbed941ec,ocd-bill/9ddbed29-438c-4dc5-9666-4de0972a9ee7,Public Act,,,{}
14f707c5-eccd-444c-a69d-ddff0f853f07,ocd-bill/195541cc-d1e1-4f84-9b95-f709163c0a2f,Public Act,,,{}
5c22b848-28bd-4259-b0f6-1a691da1a31d,ocd-bill/778948f3-8274-42b8-bb8b-47c301579cfe,Public Act,,,{}
b40e008a-df5b-46bb-8813-524780b42994,ocd-bill/e78dfd65-6c27-460a-9d5c-52d592ca1008,Public Act,,,{}
ec7c4bca-ed17-4f85-9819-061b308e88b5,ocd-bill/1df850e8-7c06-42ce-a901-f5d6876b73a4,Public Act,,,{}
1362ed90-219a-46e7-b49c-68a7c2697f67,ocd-bill/c821731f-a5b0-4975-974d-57fad94f8b5a,Public Act,,,{}
661b8eec-ded0-4c19-9a9e-d3e76a94f239,ocd-bill/682d18df-53f2-4f23-8c2e-c60233be7435,Public Act,,,{}
127be239-8e2f-4adc-90d4-33ba747b5ed3,ocd-bill/ae4f4429-c59d-4e75-a9c7-b60cad3bf7e3,Public Act,,,{}
002b3f6a-26e7-449a-95d0-d1d2711ebbfe,ocd-bill/72ac47d8-d556-438f-b6de-e90b8a505def,Public Act,,,{}
83482749-8836-48ef-a81a-fd3dde3982d0,ocd-bill/ed806d38-75b6-47e7-bd2a-1e1707a4695f,Public Act,,,{}
603e8e7f-273f-4307-9cfd-4645f8498623,ocd-bill/5933b6a7-9f92-40e8-b188-695b3b489402,Public Act,,,{}
a65f3e10-d40e-4cc7-b85e-63757f71c48b,ocd-bill/ee15c0f2-98a1-4534-9dba-0ae6e6d28fb2,Public Act,,,{}
b739aca2-116b-4cbd-adda-648c36c2588f,ocd-bill/2f83cf37-3c0d-4383-bc37-a4b4f253567a,Public Act,,,{}
78986f19-cb9e-42ce-adc7-59014154aa5c,ocd-bill/f6bd18c4-889e-46bf-859b-fb297e8b4763,Public Act,,,{}
f3e414ee-16b4-43ba-96f4-95e36e3e6a21,ocd-bill/729aa5a3-09a3-450d-ab81-9c8e14fb9da2,Public Act,,,{}
f4a3abc9-c457-4bd0-8fb9-5ef43f88dc29,ocd-bill/ead20ab5-421f-4155-8200-9da9215047b6,Public Act,,,{}
8b83d442-0461-479a-9976-1370238e25e7,ocd-bill/afbfb00b-c965-421d-9613-6fc9230e0baa,Public Act,,,{}
b127bbe8-1d84-4998-9fc8-23acdbad9aaf,ocd-bill/161d1126-b68c-4680-9f30-22b8da3c6df9,Public Act,,,{}
5154c2b9-398d-441e-ae86-97281be63dcc,ocd-bill/d73a3b53-387a-4af2-be24-2f980c208ea8,Public Act,,,{}
33e1a29a-c9b4-4165-ba80-2f85196242f2,ocd-bill/c74c8dbd-2ad0-434f-95f6-51b75f318cdc,Public Act,,,{}
f08fcc21-3c05-4ef7-8161-f057d35340ad,ocd-bill/73df359e-7cf3-462f-9edf-bfa46a3e66c1,Public Act,,,{}
1044b232-e956-43ae-8dc2-67536c90214b,ocd-bill/2905f49b-d0d0-48f0-8083-386a3c7a9c9c,Public Act,,,{}
622915ff-56cf-408b-853f-96e0527a4864,ocd-bill/e1979594-f2cc-43b7-b521-826a292a9956,Public Act,,,{}
e138813b-b13f-4d99-834a-ac7bff925b83,ocd-bill/9c292145-6406-449c-b34d-af6960bc64be,Public Act,,,{}
c325ac55-f15d-4e17-b527-725c0c8f4305,ocd-bill/e203ce0b-47e9-4b89-b471-dd49a6c0a2ca,Public Act,,,{}
e9fdfeb3-a62f-4f85-88ad-24afa9864afb,ocd-bill/d1a4a4f6-7594-4297-a808-62b3aec06254,Public Act,,,{}
35232fcb-c1c7-4a43-98c4-55059693f353,ocd-bill/8379ffa2-0b16-401e-b685-3e8019cdc6f4,Public Act,,,{}
4048da56-56be-4f60-8c5e-ed4173a7e2db,ocd-bill/20b1c154-8c2a-40a3-8fcc-9d2d078f2901,Public Act,,,{}
2e8d3713-f97e-432b-acbb-c7b540a5cd5e,ocd-bill/f4e6114a-6813-4927-9584-7dc39ade8a85,Public Act,,,{}
4c24df9c-72d7-4922-99bb-5aed8a7b8aae,ocd-bill/a6defb02-c790-40a9-9f35-c96d236dedf2,Public Act,,,{}
55bfb3c4-4924-4f6f-a634-4050b920746a,ocd-bill/c0068a6f-d577-4e50-bf5b-e1fffe8d6531,Public Act,,,{}
812076df-31d8-4ae8-bd44-5086c6c61aa9,ocd-bill/b5422939-abaa-4498-87f9-00f02161b259,Public Act,,,{}
c09879ab-5e7f-417c-a06e-e5667c94db4b,ocd-bill/b91579f4-1711-439c-86ad-3a3f6d0dbb15,Public Act,,,{}
41224ebb-f472-4ac2-bc3d-315a9d237da6,ocd-bill/cddd9649-42e5-41cf-8fef-9f3dd17cb489,Public Act,,,{}
cfb7cac7-d4ce-452e-b4f8-74ab5230ecdb,ocd-bill/93a77dc1-5cf6-4411-bb49-6ca758b7e292,Public Act,,,{}
ea959804-8b43-48fa-b552-ae303f8735f4,ocd-bill/7a28b7a3-2ae4-43df-94e0-365e495e240a,Public Act,,,{}
95c8fa68-5351-482e-8b7a-f3823f19f590,ocd-bill/0a0680ad-4ad8-463f-8ac2-390bd3fb7d21,Public Act,,,{}
df18fbfd-04d9-42cc-a83a-59ba3b3be0a6,ocd-bill/66861ac7-3317-4268-b31c-26f67eca8bd9,Public Act,,,{}
459b19bc-32a3-49cd-988f-f950a3bba781,ocd-bill/88724632-4c74-4bb4-8b2d-16136ba22e08,Governor's Message,,,{}
9b8998de-123b-4565-af41-c1de93163a0a,ocd-bill/0e2dcbbf-a3dd-4549-8c37-6ab60bab9d2b,Public Act,,,{}
d007a942-7b0b-4870-8910-8a7e80fcb494,ocd-bill/2c2b7b37-d6c6-47ba-bb8c-c533c794d811,Public Act,,,{}
88abf1c0-d904-4fbc-9aaa-40c52ac2de90,ocd-bill/d5c4d4f3-afe4-49fb-9ffa-f4183f78b9ce,Public Act,,,{}
a95c12d3-2fd6-45d0-872b-242e321c2f7e,ocd-bill/8b6a8803-4467-43ce-bd42-ed12211d8bf7,Public Act,,,{}
48912d6c-0849-4d0d-958e-217f87f7b5af,ocd-bill/2d1eb71c-56d8-4165-b50f-8c2f5e25b9cf,Public Act,,,{}
ac985390-f014-40c8-b194-da5a6f16ab5c,ocd-bill/2f5c5e7b-4472-4992-9e9b-c2b104e45608,Public Act,,,{}
62f49147-7695-41e0-acdf-c3793306493f,ocd-bill/9971fd80-b45e-4dbf-b6fc-f6613a66744e,Public Act,,,{}
0054907f-af86-42ea-a704-af00574eac72,ocd-bill/5caedcc0-6cff-457f-a489-7e54e801bbcd,Public Act,,,{}
1f686518-afd8-48cb-adc6-1944340f6947,ocd-bill/2117ec2a-57bd-4bd3-8b05-dd0233b62959,Public Act,,,{}
169ce591-5c1d-4a6a-89ca-e10b94d594c3,ocd-bill/85ab023d-24ea-415f-96ee-a0d742d76c24,Public Act,,,{}
c2a7a299-e4dc-46a0-892e-b2379e3fd01f,ocd-bill/18bbd3f1-7e1e-4559-a9a9-86ded83db943,Public Act,,,{}
09343bb7-8440-4676-ab3a-6e4e9807bf41,ocd-bill/3bd28fc1-0a92-4255-8f94-b5b8b2120dee,Public Act,,,{}
6be79134-1360-4d2a-adb6-b099b5d574ea,ocd-bill/12b9b968-f360-435f-8be7-5a6b3a86aafa,Public Act,,,{}
a6cd3288-492b-40f7-a111-aadecac85476,ocd-bill/65f5e356-4836-45f8-b28d-aed0bdef836d,Public Act,,,{}
354241f0-595e-49ee-89c1-7d1ca72a5bca,ocd-bill/ae663982-ff46-4d53-a5d5-82013f207f73,Public Act,,,{}
5761a48c-e7b0-44c4-a608-7ebb6bbefb94,ocd-bill/315d565e-fc80-4805-99d3-a8e69d4f1681,Public Act,,,{}
cd10c088-01ad-4b67-8cb4-f9dfbc3af9c5,ocd-bill/72b8bea4-dfcb-4b81-a14c-d68ade7d0624,Public Act,,,{}
d3febac9-4c7b-4ad7-90d2-fd418bb5838a,ocd-bill/89ca1411-0f6b-45a0-9da7-02994bba3a8b,Public Act,,,{}
2b305842-9c4c-4cbc-9a33-b798cd2235cf,ocd-bill/da91ce84-e726-4109-94b7-c2d48728e620,Public Act,,,{}
7b74b5a3-a868-4bd7-90b9-017829ada794,ocd-bill/53c7ac79-a202-4a6b-8e7f-a133635c53f0,Public Act,,,{}
ce8586cf-0b71-4564-8055-c8eb53a09590,ocd-bill/9818d3e0-9b3e-4a39-94e5-a6c66214924f,Public Act,,,{}
2c161dcb-2b02-4b55-9c4f-e8363a4c8789,ocd-bill/a3081bc7-67ad-4964-94f0-b7046599b4bf,Public Act,,,{}
b10eef37-5e3b-4994-a491-50dcdbb60f8a,ocd-bill/2ab6fa4b-caac-40fe-900c-d662fb18f3b0,Public Act,,,{}
bfee1f36-46fa-46ed-b80e-65ac77a00c04,ocd-bill/94c95d94-9d42-4676-bac2-8bdd581a420d,Public Act,,,{}
d4237d96-0ae0-40a4-bf74-33f382a37d64,ocd-bill/f5982fa5-6282-41ad-93b5-bf5ec0f6524e,Public Act,,,{}
581a9ad6-1f91-4de9-b08d-91a446912b8a,ocd-bill/3b8f1dc3-5ed6-4191-a440-81d9933681c6,Public Act,,,{}
6290eb82-cfa4-4cab-80b6-a6e1337d4502,ocd-bill/d17d695e-d73d-432d-818c-d932e87363fa,Public Act,,,{}
b239da85-3761-4252-91e7-e1cae600ce1b,ocd-bill/9dd4761f-58bb-4e0e-b92c-fe1be77eb7b0,Public Act,,,{}
1997e4f1-b3b4-42ad-9579-177935eb799a,ocd-bill/23f0aec6-111f-4206-b249-db55fd2bb2e9,Public Act,,,{}
78d14b8b-87d2-43f5-8293-2e04f4f65562,ocd-bill/7d236a55-6441-402e-83da-411f746dd980,Public Act,,,{}
4d495766-91ea-44dd-9258-7e59276936d6,ocd-bill/5ac6b485-47c4-488b-856c-d77e77bc23ab,Public Act,,,{}
3e45bcb4-e172-417c-b72a-a4388e92c8b8,ocd-bill/220c5a31-ea7f-494d-b257-ed314f51cded,Public Act,,,{}
d85504b5-ae25-4315-ab34-69470cb242f2,ocd-bill/f9e7eeb9-cf17-4407-a0a2-b02afd4bd713,Public Act,,,{}
43f0e030-64aa-4455-9d23-58549f9ceeaf,ocd-bill/29fea18c-5971-4d5b-8cf4-ef2643601147,Public Act,,,{}
848c9fdf-41a2-4222-9673-a19e6f54efae,ocd-bill/7c2e0c5a-0b92-4080-a13e-2d040f2470c0,Public Act,,,{}
3bbf1df0-c399-4144-b70d-5cfc3fa4f496,ocd-bill/54de43d8-d2e7-4ce4-9160-923eb485a503,Public Act,,,{}
88cd3629-1d4b-4f0e-bc0c-82e1d41b95c5,ocd-bill/9c0abd6b-18f1-4da9-9468-a9dde563d591,Public Act,,,{}
4163dc8d-d10d-4f0c-a804-1bf92b6d51fe,ocd-bill/12bcc69d-cfa4-4021-974a-5f562297ea34,Public Act,,,{}
6c32f5b7-6091-4acd-a2eb-2a1cc40af2f0,ocd-bill/a9b8269f-4088-4171-9de6-62574c8f7fad,Public Act,,,{}
986107e3-0bcd-4976-b785-8203340285ad,ocd-bill/56569dee-db48-4862-a043-225183d6af78,Public Act,,,{}
ded90d01-e1ae-46af-a65c-8f3a3c3913bc,ocd-bill/2805e116-04ec-42dd-ba29-c0feaf2c3c0b,Public Act,,,{}
4c0ba354-ab0d-428e-b2d6-9f478077acb0,ocd-bill/2b38db32-f53a-48a2-bab3-1fcdf2e88fb6,Public Act,,,{}
848d3146-3de1-4e3b-8f85-284fccae0ebe,ocd-bill/7b3f93fb-071d-45be-9ca4-d1566843480d,Public Act,,,{}
819d9672-cba6-4cea-97c7-7fe5e6b82187,ocd-bill/1359c954-785c-451b-848b-e4515f304359,Public Act,,,{}
a4d8d63a-91ee-41ad-889d-989002bdf67c,ocd-bill/9e6b7c88-da12-408c-b2e4-f56d4c342196,Public Act,,,{}
96101a97-7582-48ab-b21a-f2b1387c737a,ocd-bill/bcf57ccd-0e3f-457d-93b6-cf9316e74ebf,Public Act,,,{}
42285377-d4eb-470d-b8e2-3dce4586ce84,ocd-bill/80bc2c0c-d81c-4c51-b536-d1bca0d91638,Public Act,,,{}
616d24f3-cbd1-4981-bf95-4e6208a52d05,ocd-bill/ad77458c-9619-4bc2-8d33-26eedc910c6d,Public Act,,,{}
fd0cf844-4b37-4de8-959c-bbe4b1194b93,ocd-bill/b19fadf7-1818-4fab-898e-01b342bfa736,Public Act,,,{}
5c9d5dc9-91b8-4a3a-9cbb-f8c209fd63aa,ocd-bill/d923f2af-961c-4b1d-aa9d-6abb92177f33,Public Act,,,{}
368d7191-638e-410d-83d4-3860c013cfdd,ocd-bill/125fcfed-d3ea-443a-8f5b-b8ac21edbca0,Public Act,,,{}
ed432c84-551c-4b5b-9497-17d8d2b19e72,ocd-bill/57107d78-bae4-4c45-afc0-95e16260f670,Public Act,,,{}
a57a7639-7d91-4368-8693-1b7768b8d961,ocd-bill/22b00cb0-46fe-4d0c-a010-505c0baa5d72,Public Act,,,{}
6f16e2c7-16ad-4af1-9c6e-445e79c47918,ocd-bill/6163a6a6-6d24-40b2-81c7-70360f742800,Public Act,,,{}
4d013e33-4ec9-4ba3-9577-b606277bed2c,ocd-bill/23961561-7a73-4617-af60-47312db2e927,Public Act,,,{}
147acb3a-583a-4e05-a937-666a132dfce9,ocd-bill/31c540b3-6225-44dc-8789-7f204491f852,Public Act,,,{}
3ba9d205-7d24-4ae4-9ea6-11e541b7ec27,ocd-bill/80ab4dc7-d5a2-4adf-82a2-dbdca37469e2,Public Act,,,{}
a8cbe6bf-74e2-4205-8bcc-7f7a201cdaef,ocd-bill/12890ab9-d8b7-4aef-92da-2c1cedf0f364,Public Act,,,{}
a08a06c4-a81d-41db-95c8-d1cdcc418a38,ocd-bill/3574aaa9-fec2-4002-9f38-071defbdc9fe,Public Act,,,{}
c38f3ea8-8dd5-488e-a3cf-889804c3e458,ocd-bill/ad99db3b-f34a-42cf-bbf5-1d09644cde2f,Public Act,,,{}
77131c8e-02f7-4399-9d68-c57564eb36a1,ocd-bill/49bd28ac-bd2f-45c8-84c0-1e87ebe18e1b,Public Act,,,{}
a79d3c1d-d1ee-42e9-b47d-d6e58cb3dbb6,ocd-bill/b18e4c7d-683b-4242-8913-a55343687e45,Public Act,,,{}
d4bf6ae6-eb1f-45c1-a2df-c279c805b66f,ocd-bill/32277abd-dcdc-41fd-a4b5-59dc4fefc8d3,Public Act,,,{}
ada6f6bc-b71c-49cd-b493-ca622e6a9975,ocd-bill/7d7c4ceb-4942-4120-9221-a77c8ebe3400,Public Act,,,{}
c0742fea-8d72-4250-8183-738e33e57345,ocd-bill/55f53259-226b-4713-9d67-788ef61aa251,Public Act,,,{}
a2eb1207-216b-4b2b-9095-99fed06d9ca2,ocd-bill/a995dcad-4bfa-4635-b471-069cd67be571,Public Act,,,{}
02ca7297-9d77-49b2-8755-d7a6713e0222,ocd-bill/ee215b3d-47fa-46cc-a90f-6c7239ef4160,Public Act,,,{}
31665983-b25b-4a9c-b1e2-6da463bcf9a2,ocd-bill/a736244b-92f7-4728-bb56-262e2a113647,Public Act,,,{}
860bf32a-15a3-4c78-87b9-8939df6e553b,ocd-bill/5d497e9f-6097-4ab0-9dc4-33bc769f053e,Public Act,,,{}
58a29630-580b-41cb-8ea3-751fae8e67d7,ocd-bill/0d57b9c0-f80f-418d-8fac-42a76d7b76a6,Public Act,,,{}
4216c2fa-db2f-43e9-9d13-8b322725637f,ocd-bill/b5e0d531-f2ab-41a0-9246-c2f7649c8a80,Public Act,,,{}
9c50675c-26f4-4a5b-94db-6551d52f2fe5,ocd-bill/02a17e44-fc75-4a31-a69b-cbc8155aaed1,Public Act,,,{}
c2bb8363-8c0b-4121-ba5b-e608773b5144,ocd-bill/c4db3fa7-4909-4ec1-9e23-b73ca578ef37,Public Act,,,{}
570a7448-db26-4876-86dc-9b1e14b4e605,ocd-bill/acb68731-af3d-4d1d-b823-6f0f5e64e7ba,Public Act,,,{}
b68192ea-c85d-4a7c-874e-77eaacb04a8b,ocd-bill/ff92f6d9-d931-4db9-b106-38ae628a17d4,Public Act,,,{}
4079846d-6fe5-461b-97b8-2632b4bd1ed0,ocd-bill/70a4e2ff-8ac2-4203-8d26-02aededfcc7b,Public Act,,,{}
43ffba4a-3b77-4348-8870-a19d85f491a9,ocd-bill/1bf4bda9-55ad-42bf-b018-76a4b37d1e51,Public Act,,,{}
53c87647-798b-4305-913e-4ddb92edcbca,ocd-bill/c1f1b0fa-1439-4623-b783-4a6c1225e7a5,Public Act,,,{}
197d0cd5-80da-4382-a9ea-3502737070ad,ocd-bill/e13fb12a-299d-47dc-abd2-237fd6b5c9a1,Public Act,,,{}
4708b505-5e61-4140-bd6b-fb5e546a4c1c,ocd-bill/6846ad50-e464-4e18-b767-5730f9a454c2,Public Act,,,{}
4f16b663-1195-43b3-af0c-19cf6d33ae9f,ocd-bill/88f66e75-f68a-44d2-bbed-aa545a88a231,Public Act,,,{}
099138d3-f1ab-435b-9947-c8dbd45ebe5a,ocd-bill/092bd6fa-f583-466e-bc92-5992f05e45c6,Public Act,,,{}
6cec167e-0dd8-4ab3-8273-91c6818e0ce6,ocd-bill/0621d2d4-a918-4a4b-8266-9e7b011cafa1,Public Act,,,{}
52f9c950-60f8-4097-ae72-36b4e62694b4,ocd-bill/40c42525-1846-4fee-9695-c8feb1e8370d,Public Act,,,{}
ba492114-77f4-433c-9f63-95e176158dcf,ocd-bill/c21bcbbc-93df-4bcb-8675-ecf56f74d26a,Public Act,,,{}
c20384e8-9d85-43ac-87ba-7a880fd867ff,ocd-bill/648b2a26-324f-4923-be0c-44ffbf3cd78e,Public Act,,,{}
a40f083b-9ca5-4e13-8bfe-f573490b4d2d,ocd-bill/410efec6-e9b7-46c5-9882-f6d73864f579,Public Act,,,{}
c80f8b87-e842-4b83-8fc5-0a028b4ea636,ocd-bill/c7b1f5dd-eaa4-4b25-ba3f-d2c2ddb4e386,Public Act,,,{}
3b218fed-3919-4013-abd2-e33ab06f81b2,ocd-bill/e663a6f1-1a9e-4183-b922-7330f72a6b5d,Public Act,,,{}
03195e1d-abe4-4429-b249-708f33b49eff,ocd-bill/a4cd4399-f478-4f99-9e7a-4179051baad8,Public Act,,,{}
d51f8679-a4fa-4999-8c70-947896c08389,ocd-bill/11963761-8933-4096-8fc9-9b7b4b29bb33,Public Act,,,{}
e55e6314-2abb-464d-8bae-0765b885f6d7,ocd-bill/1ae50cbd-4aae-40d7-9ee0-1de08a346996,Public Act,,,{}
56f116d6-0547-4d30-8172-018fcbdf7d03,ocd-bill/c13aa230-9add-4272-b520-edd53ca24989,Public Act,,,{}
42a1a9e7-798a-47ec-82a5-83d5c37541e2,ocd-bill/bea614a6-4cc2-4cc5-97a1-d09803877371,Public Act,,,{}
05ca3dbd-119a-42b7-b5d2-59212d019141,ocd-bill/44812d7a-4408-4694-8d66-f97bfa63ee38,Public Act,,,{}
159621a2-e327-47ab-b00a-7c22dcc0cb25,ocd-bill/fd265d25-d65b-4673-a9f2-c6a98c4b0e4d,Public Act,,,{}
485191ba-0677-407f-9265-c66777343e37,ocd-bill/ad2dc70f-c7c3-4e4b-916f-8d6a6ac18c2a,Public Act,,,{}
9ce8a4de-6528-4f59-8433-e1f09507c8af,ocd-bill/9617658b-8d6d-4de7-a246-23fa86f7e31d,Public Act,,,{}
28b8d888-4752-483b-bb69-e04fd2d54a0e,ocd-bill/1cb888a9-1ce6-4943-a351-d149e45385b6,Public Act,,,{}
7e1c9127-ec06-4491-a94e-93fedf40a5c9,ocd-bill/f430bc8d-0d3e-4ee2-b267-4682b4ca702a,Public Act,,,{}
24fa68c5-464c-43fe-93ba-93a1c9bef90a,ocd-bill/ecaad4a1-ffdb-49e9-a418-1f51e98645c9,Public Act,,,{}
fe51f2c2-dd1b-4396-8c72-66126f3a4ad4,ocd-bill/f2ab6575-ba7c-498e-82f2-eed511adc713,Public Act,,,{}
70a5caaf-7f60-48f8-b45d-b58bdf509199,ocd-bill/01fa26f3-4d44-49e5-85e2-75fe5529f090,Public Act,,,{}
c71e50c8-d72b-4683-b5f4-f77ac995a846,ocd-bill/0c8febdb-52cc-46f2-a231-10138aa1f474,Public Act,,,{}
76270bae-98b6-44c8-8d92-c548920f7a44,ocd-bill/80cffa76-0faa-432d-9f01-27c0fa9587a3,Public Act,,,{}
e1ac80d9-5a69-428a-b110-46fa4237cd21,ocd-bill/8278c09f-3955-427b-9187-c4d7ceb3ac44,Public Act,,,{}
6731f97f-60d6-439f-8e3a-0c56a82641a9,ocd-bill/2f260cd7-791d-4e89-a712-60ea7d8968db,Public Act,,,{}
4ea4905a-9187-48e1-8696-72410347aba7,ocd-bill/3f1cd06e-2a5f-46e7-89e8-2eb0358844ab,Public Act,,,{}
4c31bb77-79fc-4b2a-aea5-02769e140301,ocd-bill/345a1487-ec7e-4be8-b930-4b9a40547104,Public Act,,,{}
19ba8dc0-8f2b-46eb-a3d2-a63e4ee48672,ocd-bill/e979c083-68a9-4562-b9b2-7ac83302bbe0,Public Act,,,{}
4fddc362-eb70-471f-8f07-c5cc4d4c52a8,ocd-bill/6aad7e3e-829f-4b8a-a6f2-1d8e86f96c15,Public Act,,,{}
d9722fb5-ca46-426d-8efc-5675db580248,ocd-bill/e95a3d53-a003-4279-a69a-fb16df9eeab8,Public Act,,,{}
43f7cf51-7d9d-4bf3-a26f-83e713ac0906,ocd-bill/5b7d2eb9-63af-4622-8381-c62889c5772e,Public Act,,,{}
e76c7b4f-f3db-4a49-af42-182cc7aa3bbb,ocd-bill/d7e7876f-1912-4ea2-aa25-96392e2c8523,Public Act,,,{}
e3b7f1cc-e40a-44ba-970c-d84bdf29a28d,ocd-bill/57735911-1078-4589-8b35-d7c754f03fd8,Public Act,,,{}
869646ec-6f65-45a4-87bd-3673240ca00d,ocd-bill/78c1ffd2-c54b-41f3-b248-55c483bfa9bc,Public Act,,,{}
baf847a3-3efa-43d0-8c60-6480a90f1cf6,ocd-bill/edd404bb-b01a-4754-92e3-9e5bbfdac74e,Public Act,,,{}
d175c7d0-b287-43b7-8c3a-b1e79e66dce5,ocd-bill/6fe8063b-071a-4eff-a875-36230720062b,Public Act,,,{}
73ab6abc-c933-42f6-9571-c5693aa0370d,ocd-bill/6b1f95ed-05a0-40e1-8f5e-fa0960d2dcad,Public Act,,,{}
98804ffb-fd45-4cb4-bc99-c2f812e9f7ea,ocd-bill/93588f27-4094-4c37-96a9-6e4c65a47715,Public Act,,,{}
c8cd33b8-b7ab-4c9a-a9f9-4bff51722ef2,ocd-bill/5af02eb2-65ae-41bd-955d-6e5872da4941,Public Act,,,{}
a4d043f3-b72e-467b-a848-674e8d48ff35,ocd-bill/8c6fe0ea-e649-4885-bf8b-7b6f85b8d68f,Public Act,,,{}
7b923326-d319-4382-9ba7-7a777dd38b9b,ocd-bill/6c8c0a54-d539-4961-acc1-87b6d14cd7a9,Public Act,,,{}
da5a85b8-db26-4a51-b55a-71c2dbc33cfa,ocd-bill/9f7837d3-b936-46dc-8155-8866f814f519,Public Act,,,{}
168d2f08-6ab8-4564-b085-2cdc0604a81f,ocd-bill/2f091884-5f5d-41b7-aead-0a727d0441be,Public Act,,,{}
a124f78d-49f0-4967-acdb-4f4b88535006,ocd-bill/00243be6-9e87-4854-8259-e6504ef36d88,Public Act,,,{}
b89e1608-30d0-4622-8143-63cca5fcc3ae,ocd-bill/40963371-4924-4456-85c9-275fb635adc5,Public Act,,,{}
38513db8-e607-437d-b429-937f0e86cc83,ocd-bill/eb478575-338a-4266-b07a-ffd880e372ef,Public Act,,,{}
0a4f5978-6086-448a-985b-7f681bddbf65,ocd-bill/daa9f8da-9bce-4534-ad3d-4ebe2bf46858,Public Act,,,{}
093a2b8b-1407-44be-9730-7a885098b4b5,ocd-bill/82bb0178-1d86-45bb-8d1f-ae75bad9120f,Public Act,,,{}
4441df1f-0799-4f7d-b227-098fa6e78fb7,ocd-bill/419bcaa0-98b2-4f7d-ac6e-854b7e5d7f86,Public Act,,,{}
5adf48ac-192c-4af8-8d5d-dff7b00174cd,ocd-bill/07cffff5-5f21-4b9c-a6ee-bcebb2961022,Public Act,,,{}
4c975778-cca7-41a0-ad43-682d51e12ab0,ocd-bill/4d0c8b35-ca42-496d-833c-c3d159c5a088,Public Act,,,{}
c46211c4-f938-49b8-b2ba-84cb10dc8b57,ocd-bill/c9dd6af0-5157-45c9-84e4-f4148469f82d,Public Act,,,{}
0e052b87-09df-483e-a613-f118c67a4eb8,ocd-bill/2a7fd2d5-4726-4560-bc05-dfd36124558e,Public Act,,,{}
76777892-1684-4e07-8f70-e8f218e2005f,ocd-bill/91a72ed3-739e-4d23-82fb-1ee108cf99f5,Public Act,,,{}
a0e1eb68-092c-4c56-b805-b56d7ee51886,ocd-bill/859fb12b-8a3a-4524-83bd-4fa161d8b71d,Public Act,,,{}
48a5ed20-3e72-4ed6-9bc5-1178efa4a918,ocd-bill/ea524a56-c31d-491f-aa00-e74c004e9c11,Public Act,,,{}
e86574b3-68e0-43c3-9f4c-08fa8752ddd4,ocd-bill/57c88194-ad01-4a94-810d-0c82dbfdfa0e,Public Act,,,{}
39340822-0509-4eee-a185-fb25e1054793,ocd-bill/514b516b-7eee-4b24-8420-7183ce938ace,Public Act,,,{}
7cb0fd28-97bc-40a9-89b5-18aceacc8169,ocd-bill/206859b8-9c27-4d83-8439-d79637380405,Public Act,,,{}
39ef1cad-1781-4012-914d-b5d4ce22febc,ocd-bill/5aff7c4f-9bab-46cd-b2c4-96cd22375538,Public Act,,,{}
956e4278-ef5e-48bb-b2d3-95f121fb1b0c,ocd-bill/43bec0a0-c81b-432c-85d7-7c56f23bc018,Public Act,,,{}
da0863ec-93b7-4c73-9386-a2b6b173ef71,ocd-bill/6e5d0c2a-8cea-46eb-847b-97f20d366a43,Public Act,,,{}
4032df4b-7c51-4b8d-a394-e24290e934d7,ocd-bill/ff3f0a02-dc6b-49f7-a045-5a539a8155b8,Public Act,,,{}
d275a605-4b55-45b3-981a-e2bf24648495,ocd-bill/2eb973a5-736e-48a0-a14c-4f237db8a350,Public Act,,,{}
f18f435f-4c6a-4c4b-9d59-116ed098e89d,ocd-bill/21395199-fac4-4f4d-8577-ca55dc49d68b,Public Act,,,{}
ae4a2feb-504b-4fbf-8ed5-92ff01dd331f,ocd-bill/dc820a00-4447-48b7-9141-95f209ca0b0a,Public Act,,,{}
43679d44-0262-4a22-bb7a-e6effb100efe,ocd-bill/fb01ee82-d033-4902-b811-a1189a2aea90,Public Act,,,{}
1457227d-a7d8-4ea0-93be-3cd886008234,ocd-bill/d5214da1-5a6e-4d9f-a116-16d58054fada,Public Act,,,{}
024599d3-9eee-43bc-b977-410f9c17538f,ocd-bill/59818543-c7fd-423d-bde3-4f4322f2c04e,Public Act,,,{}
6e917dac-3c87-4c5a-8107-5e4304a43de8,ocd-bill/e9432c44-b520-431c-b3d2-d9ac5a5bbc9c,Public Act,,,{}
c8bb19f0-1243-49c1-8318-236324d35433,ocd-bill/758f7046-5930-4aec-986f-f23a51fe598e,Public Act,,,{}
16bf8322-2b4d-46e0-93ec-065a1bd3fa15,ocd-bill/34666ce1-d962-47d1-affa-c15f2c1131cf,Public Act,,,{}
b780156c-5146-4bb8-9391-4131b9a6fce5,ocd-bill/acde9363-8a09-4b59-ac54-0d1fe36162d4,Public Act,,,{}
78cbcdf4-99ff-4757-abb7-7fe9473ff5ca,ocd-bill/de8fd79c-a9c9-4a96-9bbc-6f238a4f94e6,Public Act,,,{}
8dff1002-7abb-45ef-8e44-57252fdf9d91,ocd-bill/4d7dc85b-4fc8-448e-a521-12ebf3447a9a,Public Act,,,{}
82e6d44c-1691-4c50-8994-57b15780b1a6,ocd-bill/05a96b5e-f921-45ac-ad8c-eff41e5ed65b,Public Act,,,{}
1b35c97a-e37a-44ba-a18b-753258d964e9,ocd-bill/dddaf4a2-fa03-440f-ae9b-f4790857992c,Public Act,,,{}
b10c625c-1455-4a8b-8a61-8a19b538e441,ocd-bill/70701144-acf8-4022-b7c6-0e674eeb4248,Public Act,,,{}
ddc3ceab-03ed-47d3-9754-9b06379e1f30,ocd-bill/79fc6b9f-96c3-4b75-8365-7e20569c05d2,Public Act,,,{}
23d6365f-944e-4f59-8092-16e5c7d42e84,ocd-bill/4a94c678-ad5c-46ce-8be5-f2c77b022002,Public Act,,,{}
8192fca8-4601-4298-95e9-53ca506b0c27,ocd-bill/ec2e57ae-1864-4a8a-b332-e9976ce82ec8,Public Act,,,{}
333b4fe3-ff44-47d5-87ab-df120b0a5bd8,ocd-bill/dfc0f3fd-f07b-4dd7-8b26-84ee11a2f1da,Governor's Message,,,{}
fde849d2-b662-4863-8e74-082963ccf5f1,ocd-bill/9a156ea8-ecca-42a2-8a05-2839b7621c29,Public Act,,,{}
6e63867e-9d11-4f19-b923-b38cef8c6875,ocd-bill/c6e2bc00-2d4b-4f29-afa0-0d258a340897,Public Act,,,{}
b4a49df6-e7ec-42a9-80de-4ce225f6c90c,ocd-bill/ce40bfc2-277a-4bf6-90ff-bc35e5e9300f,Public Act,,,{}
acf8b04e-0c5d-4b3b-a067-5da2de294b7c,ocd-bill/f265fab1-b309-4643-927c-8e43ef21371b,Public Act,,,{}
41165f8e-cd0e-43c8-9bca-6f9971baf342,ocd-bill/65be1449-e001-46d5-b97a-232a53c27cf6,Public Act,,,{}
9c567198-74ce-4e06-8997-bb5a6867caf1,ocd-bill/718cac6f-d163-4d22-8f3e-1efe7d212d59,Public Act,,,{}
2ef0216c-0b34-486a-9abc-2d551bd732af,ocd-bill/aad938ee-5fd0-4fa1-b572-4866b321b9b7,Public Act,,,{}
9c92bc44-bde5-4763-94f3-eefdcb56ef47,ocd-bill/94780caa-5387-4fd2-86af-c0077bef62f1,Public Act,,,{}
6b35d2bd-ba9d-4907-ad7f-98b5c671647c,ocd-bill/b89016e5-25d3-4844-9ee0-867b59019e68,Public Act,,,{}
10c090cf-469a-447c-bcf1-d26ebd61d0da,ocd-bill/70d2aadf-2468-43e1-8b48-7fdd6cf2fc3e,Public Act,,,{}
875c9e5e-d070-4ac9-88c4-6f446ac38d4c,ocd-bill/bdd805f3-8ec1-40a3-abcc-85aa7eb27081,Public Act,,,{}
03aa3e7c-4e13-4324-afb4-6dcf8d1a982d,ocd-bill/bdd805f3-8ec1-40a3-abcc-85aa7eb27081,Governor's Message,,,{}
10a59196-5af3-431b-b37e-f98a20cc3948,ocd-bill/c315443c-38a1-4cfb-bed8-958e06ac07b9,Public Act,,,{}
c5647dc6-d561-4b02-9369-4e12023a8992,ocd-bill/bcf66e84-240f-40bb-8b74-4359e1034b8f,Public Act,,,{}
0ffcf8a0-5474-432e-931c-cea7ab9e2708,ocd-bill/82e1e5cd-9acd-4a8c-896f-b59771a32da3,Public Act,,,{}
b3956b76-fb90-4402-b3b0-a88a1c66a399,ocd-bill/bd14b1d8-9dd1-4280-9379-51e72c3fa291,Public Act,,,{}
00d83872-31fd-4c59-9e3e-be599bc66649,ocd-bill/85253099-5774-4861-b8f7-6ae46b794a67,Public Act,,,{}
ca4b7576-9568-4a49-aa5c-90bd2fd5464d,ocd-bill/63caaffb-1e60-49af-973f-3373bb647448,Public Act,,,{}
4690e16a-c71b-46ca-aeb5-d53ad84174a4,ocd-bill/2102d47d-534a-405f-8cc6-1bd0eb15b4ae,Public Act,,,{}
7bcec273-bfd6-47c7-94fd-f6dd73b24db5,ocd-bill/473257c4-6977-4e36-9df2-5ea6c5d9aad3,Public Act,,,{}
87cea26d-4803-471a-894c-89a8476f6868,ocd-bill/f46298cb-2f75-4248-b73a-5da7a02bc263,Public Act,,,{}
6bc3ece7-0205-4060-857d-ca84a02cd8fb,ocd-bill/68d2bd0e-4bc7-4eed-8923-681601835b5b,Public Act,,,{}
d7f860f4-924c-42de-88ee-034a8f1b7bf7,ocd-bill/7f51657c-af52-42ea-a3ac-43826e83f577,Public Act,,,{}
d061bf13-62a9-4cbc-b1fb-848c25281158,ocd-bill/57257022-ca41-4109-8132-536e64f76093,Public Act,,,{}
5c597ef2-dac2-4446-98a4-7eb74c4832f4,ocd-bill/7e3e2da5-0664-40bd-90a8-52dd9afbb9ee,Public Act,,,{}
340f3736-47b7-47e7-9078-0d4d47620a3c,ocd-bill/107d4b98-0ee8-4413-a569-40ffcac10c30,Public Act,,,{}
bada7df1-1948-414f-ad0d-476ceb11b51f,ocd-bill/e94dd198-49dd-497d-859d-29ae199b9b71,Public Act,,,{}
57c09a47-dd91-44ba-8aa4-024a8beb30e0,ocd-bill/76d9f6b0-b233-4fb4-837c-382bba1ec216,Public Act,,,{}
6b097815-9793-4b9b-bc1c-69bcffa5268a,ocd-bill/3304c293-1f02-4067-81f8-02f06ebf939a,Public Act,,,{}
0ca17b1b-9ef1-41cd-9055-5b23d88a81af,ocd-bill/4a979cc8-d967-4848-9d5c-97ea301b3d60,Public Act,,,{}
41d86e36-00c8-4faa-b01e-43d62b86a0e8,ocd-bill/944bfdbe-dda5-428b-8575-bd227654e46e,Public Act,,,{}
c9eb6f39-2c76-4682-b962-6e79054b7f8d,ocd-bill/c8fc816e-5bf1-48a1-887e-70863925d88a,Public Act,,,{}
20986f87-e85b-4a38-ad4f-ea1cd3de3cea,ocd-bill/f36f8eec-5b35-4aef-a74b-146668358c77,Public Act,,,{}
3ac31353-adbc-4504-8cc1-5fbf08a8c1bf,ocd-bill/209abd8a-5b73-4a5b-869a-566a3fc89df0,Public Act,,,{}
fd298462-bce3-4f08-8c7e-f05e65a14aba,ocd-bill/285b9078-6541-4be4-bff1-c1098d64589d,Public Act,,,{}
190919cd-b737-4e36-b695-c1598b4ed4f6,ocd-bill/b1a147f2-a7eb-433b-be68-d1226a7d24ce,Public Act,,,{}
1547add6-85f3-47a3-8aa0-39ff0a709411,ocd-bill/3d33b175-7de4-4468-a4db-cbc8356b5efa,Public Act,,,{}
ae7f608b-2571-44f1-8ba8-06c517abe89f,ocd-bill/93d1ee10-0dcf-4311-8303-1c3104f2d8dd,Public Act,,,{}
86c004a2-88de-4df7-b841-08335fa19481,ocd-bill/376c7229-58fb-45ee-ad59-ea1c1e92eac1,Public Act,,,{}
ae06a124-9d2c-4021-a742-bbc733567183,ocd-bill/545a5823-ca6e-4582-bf3c-353510625329,Public Act,,,{}
4535eca2-cb88-4bc5-892e-fa2ce762518a,ocd-bill/c11a9345-15f8-48a5-b4bc-550a4a939b09,Public Act,,,{}
5d42e3df-9c4c-4fdb-aeeb-57a6d3f20348,ocd-bill/da3a0681-53aa-4a4c-badd-dd45391669f2,Public Act,,,{}
d90c5501-794e-497f-b044-9d3f22319cfa,ocd-bill/3d558c81-d66f-43be-a870-4447b07fd239,Public Act,,,{}
acd4a8e1-2a2d-4323-aa97-d8995a4485c7,ocd-bill/c38d6f3f-e92d-4b88-ab43-1e8d4f89bdf6,Public Act,,,{}
e832abbf-44f6-41f4-b8cd-7bbd4590699d,ocd-bill/202d0650-73a1-4e03-bd04-6cc60979d199,Public Act,,,{}
97c01dd8-c15c-4009-a712-3550294b2ec9,ocd-bill/14d366f0-ddc1-45f6-a837-f5097773fbe7,Public Act,,,{}
1d44aca5-46b4-44a7-bab5-3edd51ab9583,ocd-bill/235f75b1-071e-403d-af15-6705af733854,Public Act,,,{}
4d179295-1387-4010-b566-ba6a054d71d0,ocd-bill/8183bb57-5326-4855-8ef0-0a6c8c5a3405,Public Act,,,{}
74b46198-0dfd-484a-9df0-f64e290e7339,ocd-bill/9a332b7b-3880-4c6e-ad86-bbadaa5f3dff,Public Act,,,{}
ddcb2dbb-036b-4136-a92a-5f79f69824a7,ocd-bill/b6bdd16f-8af9-4200-9d17-9307a3007102,Public Act,,,{}
bbf59999-0406-4e98-aa4c-6b7f3d795a81,ocd-bill/bffe8cbf-ef1b-4ee2-b089-8b2a37c8ad4b,Public Act,,,{}
2409a5c6-f3e2-49e8-8363-0f95bdaacf56,ocd-bill/7c285d3c-e374-4276-bead-ee49b289fe9f,Public Act,,,{}
7bc5fc99-5c6a-406b-a1e9-2d0c2e327004,ocd-bill/f9546575-9d9b-4150-9c23-9846fff43b0f,Public Act,,,{}
3a6e85b2-13dc-4a68-a6e0-072cd1a5fcdc,ocd-bill/75150ee7-d96e-400c-b619-80a2b3383f5f,Public Act,,,{}
2b5bd6b3-4cd8-4d28-bdfb-f779d4989ae4,ocd-bill/fdaed31c-b1ec-4c67-9f9d-3448130b9f53,Public Act,,,{}
b5599ff9-7ce9-4a76-baf5-12de4804688e,ocd-bill/1a2a8b12-d99b-4d6b-adea-0590f2a2a201,Public Act,,,{}
1e497ec0-4b0b-434a-91fb-704ba420159e,ocd-bill/0518885a-52cd-4383-af06-e02ad22705d2,Public Act,,,{}
b3d16959-7b86-4836-89ce-aed824585295,ocd-bill/0433bb87-ead9-4c96-96fb-1abad25d645c,Public Act,,,{}
abb952c2-fca5-4bc4-a1e3-787e91029e5d,ocd-bill/01c00a8a-ec8d-46ca-9c59-a71e1407b6b4,Public Act,,,{}
241ed853-77e3-442f-9806-8eccbef79a9e,ocd-bill/afe42424-cb49-4089-9165-5318b4fed250,Public Act,,,{}
c194ae8a-d660-4cc0-8e3a-0e78098403d0,ocd-bill/5c4672ca-45ed-45f4-80cb-c6e3dae1b8cc,Public Act,,,{}
4e139f0d-d2af-4aef-81d0-4f200da8838e,ocd-bill/fd8c0b99-93a2-4d4f-9350-4697b0e5d9c1,Public Act,,,{}
3fac243b-bf66-487b-8dd1-da03f5e549af,ocd-bill/edbf9b33-165a-46c3-84d8-66e7c6188bdf,Public Act,,,{}
d049d987-d371-45ff-ae7b-b81b5ff23716,ocd-bill/6251ee94-9440-4d8f-b1d3-5e717749eaba,Public Act,,,{}
13c137d5-6f79-43a0-8b1d-bb5689da0d2b,ocd-bill/0509489b-5849-4ffc-8d19-e7f7d899aed8,Public Act,,,{}
5dfb0a8c-f2b2-4ed2-badf-d0cc5986a44f,ocd-bill/5a5c6447-34c0-41e3-83a8-8bc9a6cd1140,Public Act,,,{}
2825b8db-80c6-421e-97ae-133f8ae72fc5,ocd-bill/2c09e9b9-76b3-48ce-b4ba-324db881a78d,Public Act,,,{}
d3d7e188-b432-4e19-8e81-418a240eb5d9,ocd-bill/9c4d20af-3180-4216-9cd3-03688e9b018c,Public Act,,,{}
099fc876-928c-42d7-8c0f-0deee6b8dc8a,ocd-bill/773df525-c346-41aa-abcd-0659057d6f92,Public Act,,,{}
ee1a7139-7875-4816-adcb-9c8721ed78a3,ocd-bill/19f08206-da06-4629-b248-07ba7ae87de7,Public Act,,,{}
60f54557-b914-4c4f-9543-4aee5efb88a8,ocd-bill/fd5f523e-b5cd-4370-83c8-884687448ac9,Public Act,,,{}
9ca33709-9f74-4c4c-a94e-be8f6a919301,ocd-bill/9a266ff7-f300-4cb8-8fa5-4a434283b91a,Public Act,,,{}
a762ffe3-8e70-4fbb-b1f1-01ec11c23100,ocd-bill/e4c67e55-1010-424d-b534-71a782f3ea4c,Public Act,,,{}
a04d12cb-c1d4-487a-bab0-373ac6db2d4e,ocd-bill/74c80b90-df4f-47d2-9c57-fed0b15d36e2,Public Act,,,{}
520b6af8-ba8a-4f9a-a8e4-6dd1df0b120c,ocd-bill/0aad2d4a-2e1c-4fe7-ad9d-6b769d5e5827,Public Act,,,{}
1cfc339f-f9db-4327-b646-f2805bd8d295,ocd-bill/3907d493-c674-46ba-aa25-9e879df2c01f,Public Act,,,{}
eb85d77a-8c69-43d4-bd5c-dbe4061eb76c,ocd-bill/1aa2e57a-89ad-4aa8-b54f-c832ba636aeb,Public Act,,,{}
ef21434f-4514-46e9-a55d-8df7938eb501,ocd-bill/c5b96016-96e0-4df9-bb60-051401a9a34f,Public Act,,,{}
5a910a3c-8c7f-4182-a5f1-95c1aa9c3eb0,ocd-bill/44f0de2e-0087-4dee-9a2d-1ec5961bc67c,Public Act,,,{}
814cfcf4-c805-4be4-98a8-f2a8fecb5ccb,ocd-bill/9485e698-436a-4258-b47f-e4bd9e0d3174,Public Act,,,{}
0f0ad1f2-3696-4f18-a7f8-378153fc9a3c,ocd-bill/819694a7-2a25-42ce-a606-7b2fb83bb87d,Public Act,,,{}
c2aff147-96ff-42be-99fb-721be7011326,ocd-bill/4b8e0a9a-e6dc-4595-9feb-f128a61a2544,Public Act,,,{}
4ae67624-969a-46d1-a342-35c1188887a1,ocd-bill/dbdc003b-09d6-4570-ba03-18061e361810,Public Act,,,{}
038a2a38-ffcd-4cf8-84f7-0928047db5e1,ocd-bill/fcea7f5f-c22c-4c4e-9126-c6592ce4cec8,Public Act,,,{}
33e2bfa3-cd43-47d7-b6f4-af180e3f3b83,ocd-bill/db3d9cd5-f319-42e6-bbe2-c4cb7917b849,Public Act,,,{}
6ed2d956-dfc1-4d2b-924b-a04f2d0c5f9d,ocd-bill/0d50735b-c2e8-48e7-a69d-38a5664113f8,Public Act,,,{}
2361a677-6ef7-4276-be40-7dc131478ee2,ocd-bill/646c250d-2aac-4695-9402-0b49da6def50,Public Act,,,{}
8bff0f8d-34ac-4844-9fe6-c70bf727f115,ocd-bill/b8e7ee65-fd99-4d87-bd60-50df23b67b79,Public Act,,,{}
4055e427-2475-44f5-9a06-5c0e3a290388,ocd-bill/99b764d9-39dc-4eed-be82-4167e901897e,Public Act,,,{}
adcbad45-01f3-486a-8a00-59c042f46a34,ocd-bill/bb32e9df-f11e-4909-b514-2a4620a06962,Public Act,,,{}
e5d8c8bf-0158-43ab-ae91-06f9d6e8d19e,ocd-bill/7be6d9c1-b8fb-4b8d-ac4a-89f0a36c6590,Public Act,,,{}
b7e39f71-1dde-4696-9fb4-141bbaa72873,ocd-bill/dc1fa66a-55bf-43dd-8b8d-dbbc3df41924,Public Act,,,{}
2c2c768b-12ae-40ad-9443-87b0b531eff5,ocd-bill/c0ebaa5d-a73c-4fe0-a740-65808b8edb12,Public Act,,,{}
943bc068-e617-4e42-b9d9-1f4b678cb134,ocd-bill/bbdfbf07-4009-4803-9fad-67484ff70c87,Public Act,,,{}
21acbd42-6b4b-42b7-9574-cfa1fce7dc57,ocd-bill/7c23c7aa-97be-426b-b65d-f66715afe69e,Public Act,,,{}
a0b6287b-4254-42fc-a6d8-debabc8d5fe5,ocd-bill/40714dab-c121-4517-a210-66e5e95499b2,Public Act,,,{}
c18c0cde-1106-45c4-af7d-9a32af8425fd,ocd-bill/122ef4f1-bfa1-4f9f-a624-d4001ebfd816,Public Act,,,{}
92bb1700-d7eb-49f8-875f-0e527a7e6d7a,ocd-bill/e65f5e68-9f48-49ea-8a2f-55f121b3ea7a,Public Act,,,{}
ac1ed25e-c4a7-447e-a7a7-cd95441d31ec,ocd-bill/2d1da8eb-91e7-4785-809f-de79339fe113,Public Act,,,{}
3942c343-6cea-4716-ab33-dc422dc91400,ocd-bill/9eee1233-f93c-4e1e-b01c-0571162f4efb,Public Act,,,{}
4794de2e-49d7-4736-bb58-beacaf183a3a,ocd-bill/a42afe9a-534b-4d8e-a593-277f9d387554,Public Act,,,{}
4d8bab4d-62d6-42e6-979b-18b371d2dd0e,ocd-bill/29a65107-f41d-44c5-b92a-46a722549928,Public Act,,,{}
ccf77e09-5ec2-4af3-9e14-33336115c5b9,ocd-bill/4c57585e-a530-408a-9699-af78827bf810,Public Act,,,{}
de43ebb1-3f2f-4c68-8855-b818634c108d,ocd-bill/b3702a1f-a35a-4bfd-9a99-2da0a7a0c3bf,Public Act,,,{}
677c7767-cfb2-40f2-b511-4790d50dbc64,ocd-bill/608af2cf-aab0-42d0-a353-70cddfb1b41a,Public Act,,,{}
35c352e2-2538-4eed-a934-68bb407101c2,ocd-bill/2b325e23-1f7d-41c4-821d-85520ab53bfa,Public Act,,,{}
9114fef6-de13-4c3e-8325-305960c9c613,ocd-bill/363e806c-3e95-4645-8518-0d7b54dabb63,Public Act,,,{}
ab267c49-cd66-4fa9-82e2-72fe5c6be359,ocd-bill/b35d90f0-7264-4054-86e9-3d550ad3c19b,Public Act,,,{}
cf08df51-0c7a-439b-86b6-5b96a42d95c4,ocd-bill/9dfcc05c-8374-472b-9ece-e3f1b5ec84f9,Public Act,,,{}
95429d7d-9e3c-4f5f-a872-06b0d641ac11,ocd-bill/5476e62d-b5c1-42e2-9ff7-80e95cd74c75,Public Act,,,{}
15d76786-11cb-4ed3-8f0b-c70a806a22e2,ocd-bill/30b11249-3b01-477c-85d6-1373675aa2a7,Public Act,,,{}
3f3ae5f4-f121-481b-9350-5482a581bd49,ocd-bill/6989b497-73b1-4394-abc4-21df43bc7824,Public Act,,,{}
02c50561-274c-4040-ad9a-d40ee397a989,ocd-bill/a8b133f7-8c17-4b7a-8990-50e1f774cd52,Public Act,,,{}
0f60c4f4-6a9e-4e62-b733-435adaf58763,ocd-bill/d1064faa-831b-4f1b-82ac-bba1b93136aa,Public Act,,,{}
6819adad-6d4c-4537-9010-2e4bd828fdb7,ocd-bill/1e5a80d8-80d4-4342-a1d6-53cb1315ecf9,Public Act,,,{}
61ee719a-5958-4138-a5fb-70cf4f758005,ocd-bill/a46c6c29-4283-4403-8a3c-a5df807e5442,Public Act,,,{}
33196783-89ff-41e2-90af-15d2e27476be,ocd-bill/6d4dbbe4-e2b5-4209-a31b-54f8500ea10b,Public Act,,,{}
30a7e11f-22cd-428b-844c-0f56b0df4579,ocd-bill/7b188972-5398-44b9-98a7-bbf0595606bd,Public Act,,,{}
530232bf-010b-4561-9d36-5f1c11793f7d,ocd-bill/6df2fe48-2ad2-4968-b494-2f7ea880793c,Public Act,,,{}
79c49385-30fd-4099-befb-f09e2719c5ad,ocd-bill/4737c3c0-c1ac-43aa-921b-3f51c01cb265,Public Act,,,{}
259a2d88-843d-4513-a7c1-d1fc86e40792,ocd-bill/42c46c9a-97ee-4c7e-b5b5-a89e58ca327b,Public Act,,,{}
b036a860-e97b-46a3-8581-2a679d749253,ocd-bill/8c0d7634-02af-4395-b1ba-07d820430601,Public Act,,,{}
